date,home_team,away_team,season,home_goals,away_goals,home_xg,away_xg,understat_match_id,is_result,target,away_ema_goals_conceded,away_ema_xg,away_ema_xga,away_xg_overperformance,diff_ema_goals_conceded,diff_ema_points_long,diff_rolling_attacking_threat,h2h_away_team_win_pct,home_current_streak_length,home_ema_goals_conceded,home_ema_points_long,home_short_turnaround,home_xg_hf,home_xga,is_festive_period
2022-08-05 19:00:00,Crystal Palace,Arsenal,2022,0,2,,,867946,True,2,,,,,,,,0.5,0,,,False,,,False
2022-08-06 11:30:00,Fulham,Liverpool,2022,2,2,,,867947,True,1,,,,,,,,0.5,0,,,False,,,False
2022-08-06 14:00:00,Newcastle,Nottingham Forest,2022,2,0,,,867951,True,0,,,,,,,,0.5,0,,,False,,,False
2022-08-06 14:00:00,Bournemouth,Aston Villa,2022,2,0,,,867948,True,0,,,,,,,,0.5,0,,,False,,,False
2022-08-06 14:00:00,Tottenham Hotspur,Southampton,2022,4,1,,,867952,True,0,,,,,,,,0.5,0,,,False,,,False
2022-08-06 14:00:00,Leeds United,Wolves,2022,2,1,,,867949,True,0,,,,,,,,0.5,0,,,False,,,False
2022-08-06 16:30:00,Everton,Chelsea,2022,0,1,,,867953,True,2,,,,,,,,0.5,0,,,False,,,False
2022-08-07 13:00:00,Manchester United,Brighton,2022,1,2,,,867954,True,2,,,,,,,,0.5,0,,,False,,,False
2022-08-07 13:00:00,Leicester City,Brentford,2022,2,2,,,867950,True,1,,,,,,,,0.5,0,,,False,,,False
2022-08-07 15:30:00,West Ham,Manchester City,2022,0,2,,,867955,True,2,,,,,,,,0.5,0,,,False,,,False
2022-08-13 11:30:00,Aston Villa,Everton,2022,2,1,,,867957,True,0,1.0,,,,1.0,0.0,0.0,0.5,1,2.0,0.0,False,,,False
2022-08-13 14:00:00,Wolves,Fulham,2022,0,0,,,867965,True,1,2.0,,,,0.0,-1.0,-1.0,0.5,1,2.0,0.0,False,,,False
2022-08-13 14:00:00,Southampton,Leeds United,2022,2,2,,,867964,True,1,1.0,,,,3.0,-3.0,-1.0,0.5,1,4.0,0.0,False,,,False
2022-08-13 14:00:00,Arsenal,Leicester City,2022,4,2,,,867956,True,0,2.0,,,,-2.0,2.0,0.0,0.5,1,0.0,3.0,False,,,False
2022-08-13 14:00:00,Manchester City,Bournemouth,2022,4,0,,,867962,True,0,0.0,,,,0.0,0.0,0.0,0.5,1,0.0,3.0,False,,,False
2022-08-13 14:00:00,Brighton,Newcastle,2022,0,0,,,867959,True,1,0.0,,,,1.0,0.0,0.0,0.5,1,1.0,3.0,False,,,False
2022-08-13 16:30:00,Brentford,Manchester United,2022,4,0,,,867958,True,0,2.0,,,,0.0,1.0,1.0,0.5,1,2.0,1.0,False,,,False
2022-08-14 13:00:00,Nottingham Forest,West Ham,2022,1,0,,,867963,True,0,2.0,,,,0.0,0.0,0.0,0.5,1,2.0,0.0,False,,,False
2022-08-14 15:30:00,Chelsea,Tottenham Hotspur,2022,2,2,,,867960,True,1,1.0,,,,-1.0,0.0,-3.0,0.5,1,0.0,3.0,False,,,False
2022-08-15 19:00:00,Liverpool,Crystal Palace,2022,1,1,,,867961,True,1,2.0,,,,0.0,1.0,2.0,0.5,1,2.0,1.0,False,,,False
2022-08-20 11:30:00,Tottenham Hotspur,Wolves,2022,1,0,,,867974,True,0,0.8,,,,0.8,1.35,2.4000000000000004,0.5,1,1.6,1.9,False,,,False
2022-08-20 14:00:00,Fulham,Brentford,2022,3,2,,,867969,True,0,0.8,,,,0.0,-1.1,-2.4000000000000004,0.5,2,0.8,1.0,False,,,False
2022-08-20 14:00:00,Everton,Nottingham Forest,2022,1,1,,,867968,True,1,0.8,,,,0.8,-1.65,0.0,0.5,2,1.6,0.0,False,,,False
2022-08-20 14:00:00,Leicester City,Southampton,2022,1,2,,,867971,True,2,2.8000000000000003,,,,0.3999999999999999,-0.1,0.3999999999999999,0.5,1,3.2,0.4499999999999999,False,,,False
2022-08-20 14:00:00,Crystal Palace,Aston Villa,2022,3,1,,,867967,True,0,1.4,,,,0.0,-1.1,-0.6,0.5,1,1.4,0.55,False,,,False
2022-08-20 16:30:00,Bournemouth,Arsenal,2022,0,3,,,867966,True,2,1.2,,,,1.2,-1.65,-2.4000000000000004,0.5,1,2.4,1.35,False,,,False
2022-08-21 13:00:00,West Ham,Brighton,2022,0,2,,,867975,True,2,0.4,,,,1.0,-1.9,-0.8,0.5,2,1.4,0.0,False,,,False
2022-08-21 13:00:00,Leeds United,Chelsea,2022,3,0,,,867970,True,0,1.2,,,,0.4000000000000001,0.0,0.3999999999999999,0.5,1,1.6,1.9,False,,,False
2022-08-21 15:30:00,Newcastle,Manchester City,2022,3,3,,,867973,True,1,0.0,,,,0.0,-1.1,-2.4000000000000004,0.5,1,0.0,1.9,False,,,False
2022-08-22 19:00:00,Manchester United,Liverpool,2022,2,1,,,867972,True,0,1.4,,,,1.8,-1.0,-1.0,0.5,2,3.2,0.0,False,,,False
2022-08-27 11:30:00,Southampton,Manchester United,2022,0,1,,,867984,True,2,2.1578947368421053,,,,-0.2105263157894734,0.3289036544850499,0.6315789473684212,0.5,1,1.947368421052632,1.5348837209302326,False,,,False
2022-08-27 14:00:00,Brentford,Everton,2022,1,1,,,867978,True,1,1.3157894736842106,,,,0.5263157894736838,0.8538205980066444,1.8421052631578951,0.5,1,1.8421052631578945,1.255813953488372,False,,,False
2022-08-27 14:00:00,Manchester City,Crystal Palace,2022,4,2,,,867982,True,0,1.2105263157894737,,,,0.2105263157894734,0.6611295681063125,1.3684210526315792,0.5,1,1.4210526315789471,2.196013289036545,False,,,False
2022-08-27 14:00:00,Brighton,Leeds United,2022,1,0,,,867979,True,0,0.8421052631578948,,,,-0.6315789473684211,0.0,-1.1052631578947367,0.5,1,0.2105263157894737,2.3421926910299,False,,,False
2022-08-27 14:00:00,Liverpool,Bournemouth,2022,9,0,,,867981,True,0,2.6842105263157894,,,,-1.0,-0.2093023255813952,0.7894736842105263,0.5,1,1.6842105263157894,0.5980066445182725,False,,,False
2022-08-27 14:00:00,Chelsea,Leicester City,2022,2,1,,,867980,True,0,2.631578947368421,,,,-0.5789473684210531,0.8671096345514949,-0.6842105263157893,0.5,1,2.052631578947368,1.1362126245847175,False,,,False
2022-08-27 16:30:00,Arsenal,Fulham,2022,2,1,,,867976,True,0,1.3684210526315788,,,,-0.7368421052631576,1.196013289036545,1.2631578947368425,0.5,3,0.6315789473684211,3.0,False,,,False
2022-08-28 13:00:00,Wolves,Newcastle,2022,1,1,,,867985,True,1,1.4210526315789471,,,,-0.526315789473684,-1.2093023255813953,-1.6315789473684208,0.5,1,0.8947368421052632,0.3289036544850499,False,,,False
2022-08-28 13:00:00,Aston Villa,West Ham,2022,0,1,,,867977,True,2,1.6842105263157894,,,,0.4736842105263155,0.9867109634551496,1.105263157894737,0.5,1,2.157894736842105,0.9867109634551496,False,,,False
2022-08-28 15:30:00,Nottingham Forest,Tottenham Hotspur,2022,0,2,,,867983,True,2,0.8421052631578948,,,,0.0526315789473683,-0.9534883720930232,-1.1578947368421058,0.5,1,0.8947368421052632,1.388704318936877,False,,,False
2022-08-30 18:30:00,Fulham,Brighton,2022,2,1,,,867988,True,0,0.1230769230769231,,,,1.5076923076923077,-1.3492574257425742,0.2769230769230768,0.5,1,1.6307692307692307,1.2096534653465345,False,,,False
2022-08-30 18:30:00,Crystal Palace,Brentford,2022,1,1,,,867992,True,1,1.492307692307692,,,,0.8769230769230767,-0.1423267326732673,-0.1076923076923082,0.5,1,2.369230769230769,1.0292079207920792,False,,,False
2022-08-30 18:45:00,Southampton,Chelsea,2022,2,1,,,867993,True,0,1.6153846153846152,,,,-0.0615384615384611,-0.7210396039603961,-0.2769230769230768,0.5,1,1.553846153846154,1.0292079207920792,False,,,False
2022-08-30 19:00:00,Leeds United,Everton,2022,1,1,,,867989,True,1,1.1846153846153846,,,,-0.2769230769230767,0.9715346534653464,0.5692307692307692,0.5,1,0.907692307692308,1.5705445544554455,False,,,False
2022-08-31 18:30:00,Bournemouth,Wolves,2022,0,0,,,867986,True,1,0.9384615384615383,,,,4.369230769230768,-0.0086633663366337,-0.2923076923076922,0.5,3,5.307692307692307,0.5413366336633663,False,,,False
2022-08-31 18:30:00,Arsenal,Aston Villa,2022,2,1,,,867987,True,0,1.676923076923077,,,,-0.8923076923076924,2.3383663366336638,2.0,0.5,4,0.7846153846153846,3.0,False,,,False
2022-08-31 18:30:00,Manchester City,Nottingham Forest,2022,6,0,,,867995,True,0,1.3538461538461537,,,,0.3076923076923075,1.52970297029703,3.0153846153846158,0.5,1,1.6615384615384612,2.460891089108911,False,,,False
2022-08-31 18:45:00,West Ham,Tottenham Hotspur,2022,1,1,,,867991,True,1,0.4923076923076924,,,,0.4923076923076923,-1.5705445544554453,-1.5538461538461543,0.5,1,0.9846153846153848,0.9883663366336636,False,,,False
2022-08-31 19:00:00,Liverpool,Newcastle,2022,2,1,,,867994,True,0,1.2461538461538462,,,,-0.2615384615384614,0.0284653465346536,2.953846153846153,0.5,1,0.9846153846153848,1.3893564356435646,False,,,False
2022-09-01 19:00:00,Leicester City,Manchester United,2022,0,1,,,867990,True,2,1.2615384615384615,,,,1.1076923076923075,-1.6165841584158416,0.2153846153846155,0.5,3,2.3692307692307693,0.1804455445544554,False,,,False
2022-09-03 11:30:00,Everton,Liverpool,2022,0,0,,,868000,True,1,0.990521327014218,,,,0.1232227488151658,-1.1376051449971571,-2.582938388625592,0.5,3,1.113744075829384,0.7141232524852454,False,,,False
2022-09-03 14:00:00,Newcastle,Crystal Palace,2022,0,0,,,868002,True,1,1.8436018957345968,,,,-0.3080568720379151,-0.0506068508460618,-0.2180094786729856,0.5,1,1.535545023696682,0.9702162702692104,True,,,False
2022-09-03 14:00:00,Wolves,Southampton,2022,1,0,,,868005,True,0,1.341232227488152,,,,-0.7630331753554505,-0.9157859649810788,-1.080568720379147,0.5,2,0.5781990521327014,0.679182761122331,True,,,False
2022-09-03 14:00:00,Tottenham Hotspur,Fulham,2022,2,1,,,868004,True,0,1.3886255924170616,,,,-0.7014218009478673,0.3877767102605831,-0.0900473933649281,0.5,1,0.6872037914691943,2.1113899727456324,True,,,False
2022-09-03 14:00:00,Chelsea,West Ham,2022,2,1,,,867999,True,0,0.990521327014218,,,,0.7725118483412321,0.2560930177839652,0.5592417061611376,0.5,1,1.7630331753554502,1.2477990627634754,False,,,False
2022-09-03 14:00:00,Brentford,Leeds United,2022,5,2,,,867997,True,0,0.943127962085308,,,,0.3601895734597156,-0.2844650104899902,0.312796208530806,0.5,2,1.3033175355450235,1.1222917197702007,False,,,False
2022-09-03 14:00:00,Nottingham Forest,Bournemouth,2022,2,3,,,868003,True,2,3.2701421800947865,,,,-0.1327014218009479,-0.0091370757436128,0.1327014218009478,0.5,2,3.1374407582938386,0.6638693358953746,True,,,False
2022-09-03 16:30:00,Aston Villa,Manchester City,2022,1,1,,,867996,True,1,1.0236966824644549,,,,0.7772511848341235,-2.143957961608596,-3.663507109004739,0.5,3,1.8009478672985784,0.4716966333993451,True,,,False
2022-09-04 13:00:00,Brighton,Leicester City,2022,5,2,,,867998,True,0,1.8436018957345968,,,,-1.0000000000000002,1.695672633869924,0.3270142180094787,0.5,1,0.843601895734597,1.8243171702515637,False,,,False
2022-09-04 15:30:00,Manchester United,Arsenal,2022,3,1,,,868001,True,0,0.8672985781990521,,,,-0.0900473933649286,-0.8576302425442637,-1.341232227488152,0.5,3,0.7772511848341235,2.1423697574557363,True,,,False
2022-09-16 19:00:00,Nottingham Forest,Fulham,2022,2,3,,,868023,True,2,1.61203007518797,,,,1.4751879699248118,-0.7844918233719318,-0.5248120300751881,0.5,3,3.087218045112782,0.4914395381092151,False,,,False
2022-09-16 19:00:00,Aston Villa,Southampton,2022,1,0,,,868016,True,0,1.216541353383459,,,,0.2917293233082705,-0.5717849885494954,-0.0345864661654136,0.5,1,1.5082706766917295,0.6089152662645549,False,,,False
2022-09-17 11:30:00,Wolves,Manchester City,2022,0,3,,,868025,True,2,1.0150375939849623,,,,-0.6481203007518798,-0.9140341257297684,-2.6105263157894747,0.5,1,0.3669172932330827,1.2819791633067767,False,,,False
2022-09-17 14:00:00,Newcastle,Bournemouth,2022,1,1,,,868022,True,1,2.806015037593985,,,,-1.8315789473684212,-0.2994548914621165,-0.3654135338345863,0.5,1,0.974436090225564,0.9779521336644842,False,,,False
2022-09-17 16:30:00,Tottenham Hotspur,Leicester City,2022,6,2,,,868024,True,0,2.996992481203008,,,,-2.1954887218045114,2.246961584362804,0.5022556390977448,0.5,1,0.8015037593984964,2.3421926910299,False,,,False
2022-09-18 11:00:00,Brentford,Arsenal,2022,0,3,,,868017,True,2,1.6466165413533835,,,,-0.0887218045112783,-0.6107989549398438,0.9473684210526312,0.5,1,1.5578947368421052,1.6099974196045548,False,,,False
2022-09-18 13:15:00,Everton,West Ham,2022,1,0,,,868020,True,0,1.3593984962406016,,,,-0.6526315789473683,0.0542495887494759,-0.1849624060150376,0.5,4,0.7067669172932333,0.7883753185175628,False,,,False
2022-10-01 11:30:00,Arsenal,Tottenham Hotspur,2022,3,1,,,868027,True,0,1.2258377853326858,,,,-0.1622146673142301,-0.0921446808198092,-0.9698882952889748,0.5,1,1.0636231180184557,2.40855314691678,False,,,False
2022-10-01 14:00:00,Fulham,Newcastle,2022,1,4,,,868029,True,2,0.9834871296745994,,,,0.7659057795046141,0.7080978620941143,1.101505585235551,0.5,1,1.7493929091792135,1.6913626458613669,False,,,False
2022-10-01 14:00:00,Crystal Palace,Chelsea,2022,1,2,,,868028,True,2,1.4842105263157896,,,,-0.314285714285714,-0.6874915330774443,-0.5263157894736843,0.5,2,1.1699248120300756,1.0154146372931652,False,,,False
2022-10-01 14:00:00,Southampton,Everton,2022,1,2,,,868034,True,2,0.456532297231666,,,,0.6833414278776104,-0.425089100380966,-0.1539582321515297,0.5,2,1.1398737251092763,0.896198923273769,False,,,False
2022-10-01 14:00:00,Bournemouth,Brentford,2022,0,0,,,868026,True,1,2.06847984458475,,,,0.0981058766391456,-0.0114896408523226,-0.7066537153958234,0.5,1,2.166585721223896,1.210563075779291,False,,,False
2022-10-01 14:00:00,Liverpool,Brighton,2022,3,3,,,868032,True,1,1.2661654135338345,,,,-0.6375939849624057,-0.4991774989517146,-0.320300751879699,0.5,1,0.6285714285714288,1.6305051124084766,False,,,False
2022-10-01 16:30:00,West Ham,Wolves,2022,2,0,,,868035,True,0,1.29917435648373,,,,-0.0670228266148613,-0.4158427638575693,0.1262748907236524,0.5,2,1.2321515298688686,0.5572309194337782,False,,,False
2022-10-02 13:00:00,Manchester City,Manchester United,2022,6,3,,,868033,True,0,0.8586466165413537,,,,-0.2029885300916205,0.0246158339031428,1.3535295256110167,0.5,1,0.6556580864497331,2.3897417894558317,False,,,False
2022-10-02 15:30:00,Leeds United,Aston Villa,2022,0,0,,,868030,True,1,0.9742593491986404,,,,1.4513045605757957,-0.143697219435106,0.6292133928799656,0.5,1,2.425563909774436,1.0413734154759215,False,,,False
2022-10-03 19:00:00,Leicester City,Nottingham Forest,2022,4,0,,,868031,True,0,3.056338028169014,,,,1.0038853812530355,-0.300738115540034,0.2136959689169499,0.5,6,4.06022340942205,0.0722842354858835,False,,,False
2022-10-08 14:00:00,Chelsea,Wolves,2022,3,0,,,868039,True,0,1.5422680412371137,,,,-0.2294948503677591,1.2637589469638215,1.4287035236109706,0.5,2,1.3127731908693543,2.015453677799041,False,,,False
2022-10-08 14:00:00,Manchester City,Southampton,2022,4,0,,,868042,True,0,1.4382236320380652,,,,0.030610626486915,1.836269124153242,3.394290245836638,0.5,2,1.4688342585249805,2.528578473355307,False,,,False
2022-10-08 14:00:00,Newcastle,Brentford,2022,5,1,,,868043,True,0,1.350991276764473,,,,-0.3617763679619353,0.27054711119164,0.7717684377478189,0.5,1,0.9892149088025376,1.4420817646569868,False,,,False
2022-10-08 14:00:00,Bournemouth,Leicester City,2022,2,1,,,868036,True,0,2.651863600317209,,,,-1.2367961934972242,0.4243052799054077,-1.6396510705789056,0.5,2,1.4150674068199849,1.1626589612786389,False,,,False
2022-10-08 16:30:00,Brighton,Tottenham Hotspur,2022,0,1,,,868038,True,2,1.841237113402062,,,,0.0388017404104681,-0.0743025379177091,0.2363920183300023,0.5,1,1.88003885381253,1.8574744824642648,False,,,False
2022-10-09 13:00:00,West Ham,Fulham,2022,3,1,,,868045,True,0,2.530055511498811,,,,-1.725297383029342,-0.1935968351575274,-0.6272799365582868,0.5,1,0.8047581284694688,1.11297265763271,False,,,False
2022-10-09 13:00:00,Crystal Palace,Leeds United,2022,2,1,,,868040,True,0,1.5667799902865471,,,,-0.1029626032054396,-0.2606635844638153,-0.0169985429820299,0.5,1,1.4638173870811075,0.7707404998924797,False,,,False
2022-10-09 15:30:00,Arsenal,Liverpool,2022,3,2,,,868037,True,0,1.4681884409907726,,,,-0.4266341190240794,1.0645314480193029,0.0307741606740719,0.5,2,1.0415543219666932,2.54311015633683,False,,,False
2022-10-09 18:00:00,Everton,Manchester United,2022,1,2,,,868041,True,2,2.678970373967946,,,,-2.033926757790309,-0.0920225212151359,-1.0310939882506502,0.5,2,0.645043616177637,1.7032030884439262,False,,,False
2022-10-10 19:00:00,Nottingham Forest,Aston Villa,2022,1,1,,,868044,True,1,0.6363203806502777,,,,2.7473433782712133,-0.8548082050918044,0.2521808088818398,0.5,5,3.383663758921491,0.288157968471123,False,,,False
2022-10-14 19:00:00,Brentford,Brighton,2022,2,0,,,868047,True,0,1.574781919111816,,,,1.0250302972566574,-0.5182403761599053,-0.6389628946146066,0.5,1,2.5998122163684734,0.916649709867847,False,,,False
2022-10-15 11:30:00,Leicester City,Crystal Palace,2022,0,0,,,868050,True,1,1.3029341792228393,,,,1.1258384460966542,-0.700194021123841,0.5714849173912937,0.5,1,2.428772625319493,0.5777137584523434,False,,,False
2022-10-15 14:00:00,Fulham,Bournemouth,2022,2,2,,,868048,True,1,1.2730165353919989,,,,1.4178707422669656,-0.5400943813005026,0.2577330342705128,0.5,2,2.6908872776589643,1.022305693600874,False,,,False
2022-10-15 14:00:00,Wolves,Nottingham Forest,2022,1,0,,,868055,True,0,2.56788899900892,,,,-0.5267330864326327,0.1451223782700157,-0.7395023733764541,0.5,3,2.0411559125762877,0.5881522624116508,False,,,False
2022-10-15 16:30:00,Tottenham Hotspur,Everton,2022,2,0,,,868054,True,0,1.10875801992593,,,,0.1023420791820981,0.8315392603243037,0.8536852537687134,0.5,1,1.211100099108028,2.164184959066604,False,,,False
2022-10-16 13:00:00,Manchester United,Newcastle,2022,0,0,,,868052,True,1,0.9929059516978772,,,,1.1036840562323376,0.2882873351370365,-0.8725144718858373,0.5,1,2.0965900079302147,2.069317589597843,False,,,False
2022-10-16 13:00:00,Southampton,West Ham,2022,1,1,,,868053,True,1,0.8715768608836265,,,,1.4433780188826872,-0.9818367105190564,-1.220228470085024,0.5,4,2.3149548797663138,0.5416870616739652,False,,,False
2022-10-16 13:00:00,Leeds United,Arsenal,2022,0,1,,,868049,True,2,1.3695686192686871,,,,0.3474813410802422,-1.8457587132449325,-1.6946895445891197,0.5,1,1.717049960348929,0.796754684547787,False,,,False
2022-10-16 13:00:00,Aston Villa,Chelsea,2022,0,2,,,868046,True,2,0.8574147501982556,,,,-0.0966302319154324,-1.1275809737047846,-1.3989830082618426,0.5,2,0.7607845182828232,1.1118617371920958,False,,,False
2022-10-16 15:30:00,Liverpool,Manchester City,2022,1,0,,,868051,True,0,0.9661467842053104,,,,1.033377402947743,-1.4889483740009577,-1.7520442152767508,0.5,1,1.9995241871530531,1.1421949265014228,False,,,False
2022-10-18 18:30:00,Brighton,Nottingham Forest,2022,0,0,,,868059,True,1,2.036036191296855,,,,-0.3157294780320279,0.7727394905324874,0.5685368817538683,0.5,2,1.720306713264827,1.1227082162350177,False,,,False
2022-10-18 19:15:00,Crystal Palace,Wolves,2022,2,1,,,868062,True,0,1.3487634640241275,,,,-0.491739834583827,0.1226690232083034,0.4314981075443574,0.5,1,0.8570236294403007,1.2174447719194694,False,,,False
2022-10-19 18:30:00,Newcastle,Everton,2022,1,0,,,868063,True,0,1.4110814304179236,,,,-0.7549849202929773,0.5642547804939657,1.2502197328737608,0.5,1,0.6560965101249463,1.6169700344669904,False,,,False
2022-10-19 18:30:00,Bournemouth,Southampton,2022,0,1,,,868056,True,2,1.8689013356311932,,,,-0.3492804825506244,0.8063059521126708,0.7955708746230072,0.5,1,1.519620853080569,1.444264471977062,False,,,False
2022-10-19 18:30:00,Liverpool,West Ham,2022,1,0,,,868064,True,0,0.9151400258509264,,,,0.4000756645147304,0.1328339216431393,0.4118345777141539,0.5,1,1.3152156903656569,1.5463882979677843,False,,,False
2022-10-19 18:30:00,Brentford,Chelsea,2022,0,0,,,868058,True,1,0.5639768400187787,,,,1.1539378519243493,-1.050643079715362,-0.6627591675824633,0.5,1,1.717914691943128,1.3542702821454509,False,,,False
2022-10-19 19:15:00,Manchester United,Tottenham Hotspur,2022,2,0,,,868065,True,0,0.8002757432141321,,,,0.578786381870632,-0.503081559120012,-0.575298378000791,0.5,1,1.379062125084764,1.8366715020866788,False,,,False
2022-10-20 18:30:00,Fulham,Aston Villa,2022,3,0,,,868060,True,0,1.1811460577337356,,,,1.2753813011632915,0.1393119204680853,1.1355450236966824,0.5,1,2.456527358897027,1.0176202451456149,False,,,False
2022-10-20 19:15:00,Leicester City,Leeds United,2022,2,0,,,868061,True,0,1.4716498878514424,,,,0.133244554199398,0.0430088398437985,0.6025058125030018,0.5,1,1.6048944420508404,0.6664175868802173,False,,,False
2022-10-22 11:30:00,Nottingham Forest,Liverpool,2022,1,0,,,868071,True,0,0.8690736751400262,,,,0.4803457961305123,-1.3689664090940292,-1.1826529355846973,0.5,1,1.3494194712705383,0.4827619883883731,False,,,False
2022-10-22 14:00:00,Everton,Crystal Palace,2022,3,0,,,868068,True,0,0.9055234812580786,,,,0.3669281032741005,-0.7542227984432179,-0.7698825937280622,0.5,3,1.272451584532179,0.8376586885711257,True,,,False
2022-10-22 14:00:00,Manchester City,Brighton,2022,3,1,,,868070,True,0,1.1367514002585095,,,,-0.1591210685049547,0.9815228303378184,1.926617837139165,0.5,1,0.9776303317535548,2.078455429257648,False,,,False
2022-10-22 16:30:00,Chelsea,Manchester United,2022,1,1,,,868067,True,1,0.911262386902198,,,,-0.5385954330030163,0.0287668239411726,-0.2263507109004734,0.5,1,0.3726669538991816,2.1098026489240165,True,,,False
2022-10-23 13:00:00,Wolves,Leicester City,2022,0,4,,,868075,True,2,1.0636725509568874,,,,0.5047087647559381,-0.2720125494970593,-0.8761614857880401,0.5,1,1.5683813157128257,0.87112675007212,False,,,False
2022-10-23 13:00:00,Southampton,Arsenal,2022,1,1,,,868072,True,1,0.904989228780698,,,,0.3336586218637946,-1.597111598336879,-1.3466229889978734,0.5,1,1.238647850644493,1.120494064151088,False,,,False
2022-10-23 13:00:00,Leeds United,Fulham,2022,2,3,,,868069,True,2,1.6281075277414492,,,,0.0227670952658751,-0.9301377490538972,-1.652387971254639,0.5,3,1.6508746230073243,0.4924578964122368,True,,,False
2022-10-23 13:00:00,Aston Villa,Brentford,2022,4,0,,,868066,True,0,1.1385787468803366,,,,0.655943209270184,-0.5830163780641399,-0.622801957749616,0.5,2,1.7945219561505206,0.6988809145054283,True,,,False
2022-10-23 15:30:00,Tottenham Hotspur,Newcastle,2022,1,2,,,868073,True,2,0.4348397192445418,,,,0.7700215306769312,-0.037735003606653,-0.342326341098464,0.5,1,1.204861249921473,1.8617707622586568,False,,,False
2022-10-24 19:00:00,West Ham,Bournemouth,2022,2,0,,,868074,True,0,1.344388031913375,,,,-0.40063050045974,-0.0244364070464553,0.00711597439163,0.5,1,0.943757531453635,1.1247828894160006,False,,,False
2022-10-29 11:30:00,Leicester City,Manchester City,2022,0,1,,,868082,True,2,0.9851741015082898,,,,-0.2788129906605523,-0.752578794880729,-0.4525822307633076,0.5,2,0.7063611108477375,1.5141366690830336,False,,,False
2022-10-29 14:00:00,Newcastle,Aston Villa,2022,4,0,,,868085,True,0,1.1917018270771509,,,,-0.567012107823152,0.9607422034455106,0.212862547288777,0.5,2,0.6246897192539989,2.119382499717454,False,,,False
2022-10-29 14:00:00,Bournemouth,Tottenham Hotspur,2022,2,3,,,868076,True,2,1.4719661701542637,,,,0.0926566099991468,-0.5701849870440266,-0.5684684599266135,0.5,2,1.5646227801534105,0.9196073843339846,False,,,False
2022-10-29 14:00:00,Brighton,Chelsea,2022,4,1,,,868079,True,0,0.5842237819747687,,,,1.180874819387889,-1.010240859688947,-0.4047995705286724,0.5,1,1.7650986013626575,0.8728429827479693,False,,,False
2022-10-29 14:00:00,Crystal Palace,Southampton,2022,1,0,,,868080,True,0,1.1584806910087326,,,,0.45336746346388,0.1702604301646335,-0.0144310541374493,0.5,1,1.6118481544726126,1.266680000826945,False,,,False
2022-10-29 14:00:00,Brentford,Wolves,2022,1,1,,,868078,True,1,2.385216509116423,,,,-0.2854222567768727,0.3286993398999811,0.2071698793010269,0.5,1,2.0997942523395503,1.0257765596465764,False,,,False
2022-10-29 16:30:00,Fulham,Everton,2022,0,0,,,868081,True,1,0.8450065896140101,,,,0.9080279513411524,0.4680676234608221,1.0611307588011645,0.5,2,1.7530345409551624,1.7377581485316496,False,,,False
2022-10-29 18:45:00,Liverpool,Leeds United,2022,1,2,,,868083,True,2,2.105842980256883,,,,-1.192616748239567,1.0815885312221645,0.0833357129395374,0.5,1,0.913226232017316,1.4734434360773192,False,,,False
2022-10-30 14:00:00,Arsenal,Nottingham Forest,2022,5,0,,,868077,True,0,0.8961192388284712,,,,0.0409106699659822,1.3810187629960806,1.1431811471173994,0.5,1,0.9370299087944536,2.366720299047626,False,,,False
2022-10-30 16:15:00,Manchester United,West Ham,2022,1,0,,,868084,True,0,0.6267282329404851,,,,0.3144593238131231,0.3607458849032672,0.0865824991776338,0.5,1,0.9411875567536082,1.860193720985768,False,,,False
2022-11-05 15:00:00,Manchester City,Fulham,2022,2,1,,,868090,True,0,1.1656716878996756,,,,-0.5114396386719402,0.820265462920873,0.6028854086977342,0.5,2,0.6542320492277354,2.413224372204166,False,,,False
2022-11-05 15:00:00,Wolves,Brighton,2022,2,3,,,868095,True,2,1.5080848400951938,,,,0.4130080582845745,-0.5413134147208337,-1.2916633103780213,0.5,1,1.9210928983797684,0.7565316469447086,False,,,False
2022-11-05 15:00:00,Nottingham Forest,Brentford,2022,2,2,,,868091,True,1,1.7313027738566362,,,,0.539841917218691,-0.2284787797522189,-0.3546207721808602,0.5,1,2.2711446910753272,0.7922386338385765,False,,,False
2022-11-05 15:00:00,Leeds United,Bournemouth,2022,4,3,,,868089,True,0,2.0455529839590803,,,,-0.3111874357885278,0.1738407896542214,0.2159337928341096,0.5,1,1.7343655481705524,0.9129575214298372,False,,,False
2022-11-05 17:30:00,Everton,Leicester City,2022,0,2,,,868088,True,2,0.804746266228956,,,,-0.2428632943937163,-0.0001996313885817,-0.6740414253299382,0.5,1,0.5618829718352396,1.2167585677072008,False,,,False
2022-11-06 12:00:00,Chelsea,Arsenal,2022,0,1,,,868087,True,2,0.6222605694564282,,,,1.1093989703135518,-0.9864012871235136,-1.668676103878865,0.5,1,1.73165953976998,1.5068471371439205,False,,,False
2022-11-06 14:00:00,Southampton,Newcastle,2022,1,4,,,868092,True,2,0.4153843534991751,,,,0.6899966017939252,-1.4109945142140177,-1.9533027221585104,0.5,1,1.1053809552931002,0.8812261227215589,False,,,False
2022-11-06 14:00:00,West Ham,Crystal Palace,2022,1,2,,,868094,True,2,1.070392247959116,,,,-0.3185974718655903,-0.407841831987408,-0.0151714502148828,0.5,1,0.7517947760935259,1.205152332346665,False,,,False
2022-11-06 14:00:00,Aston Villa,Manchester United,2022,3,1,,,868086,True,0,0.625021570319241,,,,1.5076143847185208,-1.156690096338132,-0.2311704025247303,0.5,1,2.132635955037762,0.9312348331176862,False,,,False
2022-11-06 16:30:00,Tottenham Hotspur,Liverpool,2022,1,2,,,868093,True,2,1.2782978884790794,,,,0.3705886158512692,0.6071475572869085,0.7777024578119698,0.5,1,1.648886504330349,1.7861996915367344,False,,,False
2022-11-12 12:30:00,Manchester City,Brentford,2022,1,2,,,868100,True,2,1.821176376798064,,,,-1.0510930734643544,1.5116812390969556,0.9595675408872368,0.5,3,0.7700833033337097,2.5283903851901526,False,,,False
2022-11-12 15:00:00,Nottingham Forest,Crystal Palace,2022,1,0,,,868102,True,0,1.0468069787426135,,,,1.1336454835548178,-1.0527858386432474,-0.328138532445186,0.5,1,2.1804524622974317,0.8324349222213827,False,,,False
2022-11-12 15:00:00,Tottenham Hotspur,Leeds United,2022,4,3,,,868103,True,0,2.158422601916236,,,,-0.3920959760404772,0.1180378604062344,-0.6741413351937386,0.5,1,1.7663266258757582,1.4406176459580358,False,,,False
2022-11-12 15:00:00,West Ham,Leicester City,2022,0,2,,,868104,True,2,0.535575469649655,,,,0.6337178504107238,-0.5899418086866425,-0.7905322154120822,0.5,2,1.1692933200603788,0.9719874682949936,False,,,False
2022-11-12 15:00:00,Bournemouth,Everton,2022,3,0,,,868096,True,0,1.0429030427444388,,,,1.6563715951776794,-0.385230867831377,1.1425389455973196,0.5,4,2.699274637922118,0.5961173385394052,False,,,False
2022-11-12 15:00:00,Liverpool,Southampton,2022,3,1,,,868099,True,0,2.0735704912426822,,,,-0.8885176803462302,0.8257158590555546,0.6451788957852398,0.5,1,1.185052810896452,1.5364482080123794,False,,,False
2022-11-12 17:30:00,Newcastle,Chelsea,2022,1,0,,,868101,True,0,1.4865134090437675,,,,-0.8755873477231364,1.2180577062050082,2.237184443774161,0.5,4,0.6109260613206311,2.429157084335675,False,,,False
2022-11-12 19:45:00,Wolves,Arsenal,2022,0,2,,,868105,True,2,0.4137691022998732,,,,1.8681956586348425,-1.9825452448333831,-1.142845794348292,0.5,1,2.281964760934716,0.6101629316577608,False,,,False
2022-11-13 14:00:00,Brighton,Aston Villa,2022,1,2,,,868097,True,2,1.7537929146338522,,,,-0.0808894785368337,0.3004399675469846,0.5799631649176831,0.5,2,1.6729034360970183,1.6319257365373945,False,,,False
2022-11-13 16:30:00,Fulham,Manchester United,2022,1,2,,,868098,True,2,1.420769785093413,,,,0.0239672750869892,-0.393365661345568,0.216135109182894,0.5,1,1.4447370601804022,1.2847638060138942,False,,,False
2022-12-26 12:30:00,Brentford,Tottenham Hotspur,2022,2,2,,,868108,True,1,2.178492329531028,,,,-0.6316679378427383,-0.3428383866690798,-0.9132683050925954,0.5,1,1.5468243916882898,1.3960023522393437,False,,,True
2022-12-26 15:00:00,Southampton,Brighton,2022,1,3,,,868115,True,2,1.7823103962270683,,,,0.6007767615603772,-0.7413828005161178,-1.0401484932884255,0.5,3,2.383087157787445,0.5748087899807979,False,,,True
2022-12-26 15:00:00,Everton,Wolves,2022,1,2,,,868111,True,2,2.1877613789583914,,,,-0.4909994936483928,0.3001981813964727,-0.3252402061757015,0.5,2,1.6967618853099986,0.7936708887413857,False,,,True
2022-12-26 15:00:00,Leicester City,Newcastle,2022,0,3,,,868113,True,2,0.4068179276549355,,,,-0.0501762381603028,-0.701375373323774,-0.5357535994865659,0.5,2,0.3566416894946327,1.8369522037117636,False,,,True
2022-12-26 15:00:00,Crystal Palace,Fulham,2022,0,3,,,868110,True,2,1.6302483511790438,,,,-0.5990973279622123,0.4814208131132271,-0.4223694488214637,0.5,1,1.0311510232168315,1.5204807768673645,False,,,True
2022-12-26 17:30:00,Aston Villa,Liverpool,2022,1,3,,,868107,True,2,1.1231565156186245,,,,0.3787969789653553,-0.1690267634494289,-0.1099171090635215,0.5,2,1.5019534945839796,1.6505797187928115,False,,,True
2022-12-26 20:00:00,Arsenal,West Ham,2022,3,1,,,868106,True,0,1.4468293441409028,,,,-1.1714573535019022,1.8854079526164604,1.5366133765293073,0.5,3,0.2753719906390006,2.671508291720463,False,,,True
2022-12-27 17:30:00,Chelsea,Bournemouth,2022,2,0,,,868109,True,0,1.7974569819418489,,,,-0.4736721338797665,-0.079062439972419,-1.6391277458136004,0.5,3,1.3237848480620824,0.9767839191836296,False,,,True
2022-12-27 20:00:00,Manchester United,Nottingham Forest,2022,3,0,,,868114,True,0,1.4519713730077646,,,,-0.1719402815659878,0.68690665724526,0.4967850121043773,0.5,1,1.2800310914417767,1.9338761931172672,False,,,True
2022-12-28 20:00:00,Leeds United,Manchester City,2022,1,3,,,868112,True,2,1.181464717402501,,,,1.592927011686564,-0.9725183784058022,0.7239358996010765,0.5,1,2.774391729089065,1.0666958382542835,False,,,True
2022-12-30 19:45:00,West Ham,Brentford,2022,0,2,,,868124,True,2,1.6981132558350822,,,,0.2672290445226208,-0.6838093914201796,-0.8912313376190066,0.5,4,1.965342300357703,0.6371669503445364,False,,,True
2022-12-30 20:00:00,Liverpool,Leicester City,2022,2,1,,,868119,True,0,1.2391046221736326,,,,-0.157094242140301,0.5564240945891954,1.068659054461092,0.5,3,1.0820103800333316,2.0453500946743417,False,,,True
2022-12-31 12:30:00,Wolves,Manchester United,2022,0,1,,,868125,True,2,0.8523774461815441,,,,0.9388597893669876,-1.1694107659284496,-0.8237109812758894,0.5,1,1.7912372355485318,0.9683556009697984,False,,,True
2022-12-31 15:00:00,Newcastle,Leeds United,2022,0,0,,,868121,True,1,2.8497666165437483,,,,-2.578761431367956,1.7630990737143284,0.5782973919982213,0.5,6,0.2710051851757927,2.6257953404094367,False,,,True
2022-12-31 15:00:00,Bournemouth,Crystal Palace,2022,0,2,,,868116,True,2,1.688936171966478,,,,0.1761380925052904,-0.3738900966040912,0.8768464303869745,0.5,1,1.8650742644717684,0.8558072948583673,False,,,True
2022-12-31 15:00:00,Fulham,Southampton,2022,2,1,,,868118,True,0,2.5890383199067224,,,,-1.5030346650516966,0.9446703352295344,0.9709488931028774,0.5,1,1.0860036548550258,1.410576715782364,False,,,True
2022-12-31 15:00:00,Manchester City,Everton,2022,1,1,,,868120,True,1,1.7979953786755762,,,,-0.677157351048155,1.5796558916640562,1.5732664797908775,0.5,1,1.1208380276274212,2.222959086690005,True,,,True
2022-12-31 17:30:00,Brighton,Arsenal,2022,2,4,,,868117,True,2,0.5174675238903451,,,,1.0034758673410478,-1.0961200151006485,-0.1997336013571811,0.5,1,1.5209433912313928,1.638210465801163,False,,,True
2023-01-01 14:00:00,Tottenham Hotspur,Aston Villa,2022,0,2,,,868123,True,2,2.0020637169496376,,,,0.1168404500713511,0.2609977169259103,0.7101793726720196,0.5,1,2.1189041670209887,1.5988610829721333,False,,,True
2023-01-01 16:30:00,Nottingham Forest,Chelsea,2022,1,1,,,868122,True,1,0.8815132348184104,,,,1.087254471330222,-0.352992038355399,-0.3754535593775003,0.5,1,1.9687677061486324,1.0107205617665955,False,,,True
2023-01-02 17:30:00,Brentford,Liverpool,2022,3,1,,,868128,True,0,1.0546319046345511,,,,0.0768685103245776,-0.589546986737173,-0.4259950151230964,0.5,1,1.1315004149591288,1.63666964418763,True,,,True
2023-01-03 19:45:00,Arsenal,Newcastle,2022,0,0,,,868126,True,1,0.1805783438936098,,,,0.831820174202157,0.4645536985934777,1.2490964834274774,0.5,5,1.0123985180957669,2.784663828696177,False,,,True
2023-01-03 19:45:00,Everton,Brighton,2022,1,4,,,868131,True,2,2.348555583099908,,,,-0.8168289158683713,-0.6174675492573978,-1.4243167233270864,0.5,1,1.5317266672315364,0.7103700238783273,False,,,True
2023-01-03 19:45:00,Leicester City,Fulham,2022,0,1,,,868133,True,2,1.057306643607,,,,0.4356874586458408,-0.5004479511061408,-0.7600583667394412,0.5,2,1.4929941022528408,1.208975230049986,False,,,True
2023-01-03 20:00:00,Manchester United,Bournemouth,2022,3,0,,,868134,True,0,1.9100952040658905,,,,-1.342276797011734,1.6062271167111235,0.6890237123332291,0.5,3,0.5678184070541566,2.301123855112282,False,,,True
2023-01-04 19:30:00,Southampton,Nottingham Forest,2022,0,1,,,868135,True,2,1.645517051197578,,,,0.7469756763110595,-0.6303991065028695,0.1563335253637278,0.5,5,2.3924927275086376,0.3783057543346025,False,,,False
2023-01-04 19:45:00,Leeds United,West Ham,2022,2,2,,,868132,True,1,1.976906604202025,,,,-0.0785105967396895,0.3713440478181078,0.8272982693517152,0.5,1,1.8983960074623352,0.8887096256433201,False,,,False
2023-01-04 20:00:00,Crystal Palace,Tottenham Hotspur,2022,0,4,,,868130,True,2,2.0792291761826305,,,,-0.9541301357536612,0.2668561586876246,-0.4524111368660555,0.5,1,1.1250990404289694,1.5650962629598746,False,,,False
2023-01-04 20:00:00,Aston Villa,Wolves,2022,1,1,,,868127,True,1,1.5272235272163888,,,,-0.1931924084326743,0.8640980447117136,0.9232093263877036,0.5,1,1.3340311187837144,1.6503815372329709,False,,,False
2023-01-05 20:00:00,Chelsea,Manchester City,2022,0,1,,,868129,True,2,1.0804972687467786,,,,-0.159428224233464,-0.6964549386466601,-0.770382435942611,0.5,1,0.9210690445133146,1.294804157552911,False,,,False
2023-01-12 20:00:00,Fulham,Chelsea,2022,2,1,,,868009,True,0,0.9474060940403032,,,,-0.2427736315784643,0.8992312915632348,0.9246746080414496,0.5,3,0.7046324624618387,1.950583846463673,False,,,False
2023-01-13 20:00:00,Aston Villa,Leeds United,2022,2,1,,,868136,True,0,1.9322984145357636,,,,-0.7096863925735348,0.6192148301261864,-0.0896735643881572,0.0,1,1.2226120219622283,1.5288494889792643,False,,,False
2023-01-14 12:30:00,Manchester United,Manchester City,2022,2,1,,,868141,True,0,0.7199655875414239,,,,-0.341612282191803,0.2516033826862145,0.5789886078648516,1.0,4,0.3783533053496209,2.4325279107264173,False,,,False
2023-01-14 15:00:00,Wolves,West Ham,2022,1,0,,,868145,True,0,1.984609614962581,,,,-0.6332462574195579,0.2186671878316707,-0.1535158721685308,1.0,1,1.351363357543023,0.8262191355440022,False,,,False
2023-01-14 15:00:00,Everton,Southampton,2022,1,2,,,868140,True,2,1.9280142004946323,,,,0.4270273316722643,0.2700138444944298,0.2110063648505367,0.0,1,2.3550415321668967,0.5776283652093754,False,,,False
2023-01-14 15:00:00,Brighton,Liverpool,2022,3,0,,,868138,True,0,1.7037467615363633,,,,0.1948335873477322,-0.165398225259735,0.9837833443846212,0.0,1,1.8985803488840955,1.64224081345643,False,,,False
2023-01-14 15:00:00,Nottingham Forest,Leicester City,2022,2,0,,,868143,True,0,1.328551466454895,,,,-0.2319114908914079,0.397740783734347,0.0823657074988268,1.0,1,1.096639975563487,1.3808036414542757,False,,,False
2023-01-14 17:30:00,Brentford,Bournemouth,2022,2,0,,,868137,True,0,2.2736427933640435,,,,-1.186005529597974,1.3263787720526934,1.5322934728424875,0.0,2,1.0876372637660696,1.8914252316436444,False,,,False
2023-01-15 14:00:00,Newcastle,Fulham,2022,1,0,,,868142,True,0,0.8031327410930696,,,,-0.6827879348872263,-0.0722655408671641,-0.5938439294125804,0.0,2,0.1203448062058433,2.073430790596205,False,,,False
2023-01-15 14:00:00,Chelsea,Crystal Palace,2022,1,0,,,868139,True,0,2.08437298422636,,,,-0.785864685251169,-0.4159298307741713,0.0881396556322634,0.0,2,1.2985082989751906,0.854893980788043,True,,,False
2023-01-15 16:30:00,Tottenham Hotspur,Arsenal,2022,0,2,,,868144,True,2,0.6745894830000779,,,,0.7110940207353255,-0.8328723070506558,0.359678303343647,1.0,1,1.3856835037354034,1.6162355483675872,False,,,False
2023-01-18 20:00:00,Crystal Palace,Manchester United,2022,1,1,,,868008,True,1,0.5857091754021214,,,,1.1369614052875447,-1.5052130294383697,-1.603209477507194,0.5,2,1.722670580689666,1.0333542464730472,False,,,False
2023-01-19 20:00:00,Manchester City,Tottenham Hotspur,2022,4,2,,,868013,True,0,1.590548082132095,,,,-0.4436154543464274,0.4576538057317236,-0.2065899884286912,0.5,1,1.1469326277856675,1.773391088350125,False,,,False
2023-01-21 12:30:00,Liverpool,Chelsea,2022,0,0,,,868152,True,1,0.8654768618711824,,,,1.2706468758206912,0.2161363510757521,0.3364917716134756,0.5,2,2.136123737691874,1.4698587323852323,False,,,False
2023-01-21 15:00:00,Bournemouth,Nottingham Forest,2022,1,1,,,868146,True,1,0.730928347090457,,,,1.451459017134546,-1.2218620837683196,-0.8009259347289943,0.0,4,2.182387364225003,0.4599903114655783,False,,,False
2023-01-21 15:00:00,Southampton,Aston Villa,2022,0,1,,,868154,True,2,1.148374526627765,,,,0.4701620038278897,-0.9941771050671246,-0.5654451470387176,1.0,1,1.6185365304556547,0.8081957435884337,False,,,False
2023-01-21 15:00:00,Leicester City,Brighton,2022,2,2,,,868151,True,1,1.2652917245009925,,,,0.2871769272748501,-1.0956682614410864,-2.342904714253357,1.0,4,1.5524686517758424,0.8002870957552554,False,,,False
2023-01-21 15:00:00,West Ham,Everton,2022,2,0,,,868155,True,0,2.2366409451031264,,,,-0.5803826521075812,0.024360046509565,-0.2164407540235913,1.0,1,1.6562582929955452,0.4945929753493666,False,,,False
2023-01-21 17:30:00,Crystal Palace,Newcastle,2022,0,0,,,868148,True,1,0.0802117670712852,,,,1.4014599071379124,-1.2185501175044016,-0.4500580143695308,0.0,1,1.4816716742091975,1.0271528649784718,True,,,False
2023-01-22 14:00:00,Manchester City,Wolves,2022,3,0,,,868153,True,0,0.9007056164809203,,,,0.5307111308348683,0.7710692000409196,1.3359223644162976,0.0,1,1.4314167473157886,2.0014481008787546,True,,,False
2023-01-22 14:00:00,Leeds United,Brentford,2022,0,0,,,868150,True,1,0.7249278935231529,,,,1.2299529963618372,-1.357878897039788,-0.7485311360101998,1.0,1,1.95488088988499,0.7396578730370071,False,,,False
2023-01-22 16:30:00,Arsenal,Manchester United,2022,3,2,,,868147,True,0,0.7238684396102985,,,,-0.2742943719248917,0.2995395794901041,0.2695972545328073,1.0,1,0.4495740676854067,2.552049047418771,False,,,False
2023-01-23 20:00:00,Fulham,Tottenham Hotspur,2022,0,1,,,868149,True,2,2.393940324493753,,,,-1.5251654232862006,0.6762801813435995,-0.5477487239010719,1.0,1,0.8687749012075522,1.7483897623259717,False,,,False
2023-02-03 20:00:00,Chelsea,Fulham,2022,0,0,,,868159,True,1,0.9125253721520306,,,,-0.335627581568603,-0.2189878850062629,-0.1997685112817133,1.0,1,0.5768977905834275,1.2067420293587965,False,,,False
2023-02-04 12:30:00,Everton,Arsenal,2022,1,0,,,868160,True,0,0.9666159457568672,,,,1.1911209556045552,-2.252171705476673,-1.733105863068784,0.5,3,2.1577369013614223,0.3831625317322315,False,,,False
2023-02-04 15:00:00,Manchester United,Crystal Palace,2022,2,1,,,868161,True,0,0.9876325444140625,,,,0.4951746499607435,0.8132997876121153,1.3791368271575772,0.0,1,1.482807194374806,1.8354249086975405,False,,,False
2023-02-04 15:00:00,Wolves,Liverpool,2022,3,0,,,868165,True,0,1.4237611500251384,,,,0.1769197635951587,-0.3799438105251096,-0.1970646422814873,0.5,1,1.600680913620297,1.0025565325637864,False,,,False
2023-02-04 15:00:00,Brighton,Bournemouth,2022,1,0,,,868158,True,0,1.7881396812393269,,,,-0.2778346744646403,1.1693941592931425,1.94779162342387,0.5,1,1.5103050067746864,1.7293750395575418,False,,,False
2023-02-04 15:00:00,Brentford,Southampton,2022,3,0,,,868157,True,0,1.4122956644311966,,,,-0.9290830928072412,1.235765369551677,0.6933758349286266,0.5,1,0.4832125716239555,1.8943120349513172,False,,,False
2023-02-04 15:00:00,Aston Villa,Leicester City,2022,2,4,,,868156,True,2,1.7016906431800525,,,,-0.9362227764348724,1.1868639435486097,0.4227397206728942,0.5,2,0.7654678667451801,2.024130758956846,False,,,False
2023-02-04 17:30:00,Newcastle,West Ham,2022,1,1,,,868162,True,1,1.1040061172736753,,,,-1.0505396489706735,1.0565379814756366,-0.3818217601157421,0.5,1,0.0534664683030017,2.0150431398587525,False,,,False
2023-02-05 14:00:00,Nottingham Forest,Leeds United,2022,1,0,,,868163,True,0,1.3029598495788524,,,,-0.4823139708855062,0.7675356769977717,0.2409766884038344,0.5,1,0.8206458786933462,1.555597607062759,False,,,False
2023-02-05 16:30:00,Tottenham Hotspur,Manchester City,2022,1,0,,,868164,True,0,0.9541342990328308,,,,0.6416659015564639,-0.7584486497298595,-1.0196536240854286,1.0,1,1.5958002005892946,1.4278957122497953,False,,,False
2023-02-08 20:00:00,Manchester United,Leeds United,2022,2,2,,,868021,True,1,1.201942854346973,,,,0.1198963367749694,1.4082026725391494,1.2647782621515282,0.5,1,1.3218391911219425,2.050343589872396,False,,,False
2023-02-11 12:30:00,West Ham,Chelsea,2022,1,1,,,868175,True,1,0.38455996605815,,,,0.684770493481581,-0.2024255348690508,0.6933317537493898,1.0,1,1.069330459539731,0.9661629012821904,False,,,False
2023-02-11 15:00:00,Fulham,Nottingham Forest,2022,2,0,,,868169,True,0,0.5470423988570218,,,,0.0612671886197888,-0.4747809442497599,-0.5876708790948013,0.0,1,0.6083095874768106,1.3473765950099803,False,,,False
2023-02-11 15:00:00,Southampton,Wolves,2022,1,2,,,868174,True,2,1.0670136163794717,,,,0.8746229518950606,-0.8341645174101032,-0.9210548550376088,1.0,2,1.941636568274532,0.5370139433992943,False,,,False
2023-02-11 15:00:00,Arsenal,Brentford,2022,1,1,,,868167,True,1,0.3221094155251526,,,,0.6556378958334181,0.0490008784634783,-0.3928814520307366,0.0,1,0.9777473113585708,2.147364160100318,False,,,False
2023-02-11 15:00:00,Leicester City,Tottenham Hotspur,2022,4,1,,,868171,True,0,1.0637956941696478,,,,0.7373513408753447,-0.4808406761779764,0.6903564270479376,1.0,1,1.8011470350449923,1.23639244263225,False,,,False
2023-02-11 15:00:00,Crystal Palace,Brighton,2022,1,1,,,868168,True,1,1.006718561639708,,,,0.3184374699603067,-1.131154410009898,-1.4244872783814628,0.5,1,1.3251560316000148,0.8334951352133366,False,,,False
2023-02-11 17:30:00,Bournemouth,Newcastle,2022,1,1,,,868166,True,1,0.369040913722031,,,,1.1563328596112994,-1.3710819465901596,-0.4072337944520652,0.0,1,1.5253737733333304,0.4566381648239035,False,,,False
2023-02-12 14:00:00,Leeds United,Manchester United,2022,0,2,1.81,1.12,868170,True,2,1.547923011807696,,,,-0.0799077651804165,-1.1488507671730748,-0.8430980954040943,0.0,1,1.4680152466272796,0.7081826888493842,False,1.81,1.12,False
2023-02-12 16:30:00,Manchester City,Aston Villa,2022,3,1,3.36,0.27,868173,True,0,1.8438614470675672,,,,-0.8744355152908655,0.132277591261392,0.0409360306261641,0.0,1,0.9694259317767016,1.7828613660096586,False,3.36,0.27,False
2023-02-13 20:00:00,Liverpool,Everton,2022,2,0,2.33,0.36,868172,True,0,1.4383470401417124,,,,0.5109851141387973,0.2604188190549159,-0.1955218942062893,0.0,1,1.9493321542805095,1.126510499563686,False,2.33,0.36,False
2023-02-15 19:30:00,Arsenal,Manchester City,2022,1,3,1.64,1.8,868057,True,2,0.9796186501811548,3.36,0.27,-0.3599999999999999,0.0055477114719274,-0.0712475355249644,-0.813256498583286,0.5,1,0.985166361653082,1.9356217023080344,False,1.64,1.8,False
2023-02-18 12:30:00,Aston Villa,Arsenal,2022,2,4,0.51,3.28,868176,True,2,1.6568673520970134,1.64,1.8,-0.6399999999999999,0.5724251282405151,-0.2325782177465423,-0.105427609759948,1.0,2,2.2292924803375285,1.3468026373150526,False,0.51,3.28,False
2023-02-18 15:00:00,Wolves,Bournemouth,2022,0,1,1.29,1.07,868185,True,2,1.350225772433962,,,,-0.3055530141971267,1.1143133632893547,0.99115807798825,0.0,2,1.0446727582368351,1.670954374895614,False,1.29,1.07,False
2023-02-18 15:00:00,Everton,Leeds United,2022,1,0,1.47,0.54,868180,True,0,1.6453672021141377,1.81,1.12,-1.81,-0.0197774823573948,0.1288466842314967,-0.5210041511063562,0.0,1,1.6255897197567426,0.7066921275436235,False,1.47,0.54,False
2023-02-18 15:00:00,Chelsea,Southampton,2022,0,1,1.62,0.6,868179,True,2,1.961093646094549,,,,-1.3713595790635975,0.6993812417115939,-0.0648336773041451,1.0,3,0.5897340670309514,1.13756063394234,False,1.62,0.6,False
2023-02-18 15:00:00,Brighton,Fulham,2022,0,1,2.22,0.34,868178,True,2,0.4055216556088431,,,,0.5989569364022528,0.1357690760073826,0.6866449643438957,1.0,1,1.004478592011096,1.786626496642113,False,2.22,0.34,False
2023-02-18 15:00:00,Brentford,Crystal Palace,2022,1,1,0.89,1.09,868177,True,1,1.2167561993172156,,,,-0.6686530499481329,1.03207591248665,0.8804931215228037,0.0,1,0.5481031493690827,1.896215379715652,False,0.89,1.09,False
2023-02-18 15:00:00,Nottingham Forest,Manchester City,2022,1,1,,,868183,True,1,0.9864130388666672,2.424,1.092,,0.0450133017640801,-0.702444436722387,-1.4780804163986292,1.0,1,1.0314263406307471,1.4867991658604556,False,,,False
2023-02-18 17:30:00,Newcastle,Liverpool,2022,0,2,,,868182,True,2,1.2994244722761954,2.33,0.36,,-0.7200357486326306,0.2031255291184519,-0.2065292232120582,1.0,3,0.5793887236435648,1.6753826410181365,False,,,False
2023-02-19 14:00:00,Manchester United,Leicester City,2022,3,0,,,868181,True,0,1.5340623255736672,,,,-0.5021596309162155,0.5059480306020521,-0.9014574500042718,0.0,1,1.0319026946574517,2.066923034846296,False,,,False
2023-02-19 16:30:00,Tottenham Hotspur,West Ham,2022,2,0,,,868184,True,0,1.0462172171089672,,,,0.9964004633964736,0.429497197751258,0.1592500254677358,0.0,1,2.042617680505441,1.4018876365224218,False,,,False
2023-02-24 20:00:00,Fulham,Wolves,2022,1,1,,,868189,True,1,1.0297805118540986,1.29,1.07,,-0.7594407716854896,0.5340514741621321,-0.4500293195206055,0.0,2,0.270339740168609,1.8981588010591304,False,,,False
2023-02-25 15:00:00,West Ham,Nottingham Forest,2022,4,0,,,868195,True,0,1.0209499602581786,,,,0.3432231825431819,-0.6035806703003981,-0.1233516139143242,1.0,1,1.3641731428013606,0.793824739957484,False,,,False
2023-02-25 15:00:00,Leeds United,Southampton,2022,1,0,,,868190,True,0,1.3073375112611725,0.6,1.62,,0.1228881200041718,-0.4368890445872112,0.1378189730195356,0.0,2,1.4302256312653443,0.4717323314619877,False,,,False
2023-02-25 15:00:00,Everton,Aston Villa,2022,0,2,,,868188,True,2,2.81958091775115,0.414,3.3119999999999994,,-1.735902724825086,0.028344105802307,-0.4148908325862411,1.0,1,1.083678192926064,1.1278255596633282,False,,,False
2023-02-25 15:00:00,Leicester City,Arsenal,2022,0,1,,,868191,True,2,1.7712550938935023,2.624,1.026,,0.2514966677242523,-0.5659332858879795,-0.3245601813711738,1.0,1,2.0227517616177546,1.2743241062615294,False,,,False
2023-02-25 17:30:00,Bournemouth,Manchester City,2022,1,4,,,868186,True,2,0.9909422949633812,2.424,1.092,,-0.0908318874416154,-0.9659229239714628,-1.0554234315535642,1.0,1,0.9001104075217657,1.005329200855197,False,,,False
2023-02-25 19:45:00,Crystal Palace,Liverpool,2022,0,0,,,868187,True,1,0.8662250813075607,2.33,0.36,,0.2782726129918054,-0.8643417143076365,-0.5419231974297887,0.0,2,1.144497694299366,0.8890883252269376,False,,,False
2023-02-26 13:30:00,Tottenham Hotspur,Chelsea,2022,2,0,,,868194,True,0,0.7265015646595289,1.62,0.6,,0.6352031072712049,0.7661620589345415,0.7569644330158503,0.0,1,1.3617046719307335,1.694825832681972,False,,,False
2023-03-01 19:45:00,Arsenal,Everton,2022,4,0,,,868007,True,0,1.3891369405086929,1.026,1.2560000000000002,,-0.2083352860654261,1.131749089456334,1.203935657328857,1.0,2,1.180801654443267,2.0528412600408874,False,,,False
2023-03-01 20:00:00,Liverpool,Wolves,2022,2,0,,,868012,True,0,1.019853084848546,1.29,1.07,,-0.4423954278703256,0.3177078124248371,-0.2889504157223336,1.0,1,0.5774576569782203,1.615073309405957,False,,,False
2023-03-04 12:30:00,Manchester City,Newcastle,2022,2,0,,,868202,True,0,1.052968013944685,,,,-0.0590063643962306,0.7918223987818456,1.9526027211420427,0.0,1,0.9939616495484545,2.15954480359715,False,,,False
2023-03-04 15:00:00,Wolves,Tottenham Hotspur,2022,1,0,,,868205,True,0,0.9077851384410032,,,,0.438796523938323,-0.873805586877938,-0.8374247907642455,1.0,1,1.346581662379326,1.059907485483578,True,,,False
2023-03-04 15:00:00,Arsenal,Bournemouth,2022,3,2,,,868196,True,0,1.9334683231065732,1.07,1.29,,-1.1462828081811525,1.4051508873651346,1.6554782342947072,0.0,3,0.787185514925421,2.226200603638786,True,,,False
2023-03-04 15:00:00,Chelsea,Leeds United,2022,1,0,,,868200,True,0,0.9534554325052093,1.048,1.33,,0.1975708287232294,-0.1767331761064157,-0.4069286399051534,1.0,2,1.1510262612284383,0.7584372634360298,False,,,False
2023-03-04 15:00:00,Brighton,West Ham,2022,4,0,,,868199,True,0,0.909421748183138,,,,0.0935637802655907,0.2595849589861585,-0.2253159303588068,0.0,1,1.0029855284487288,1.457807422068916,False,,,False
2023-03-04 15:00:00,Aston Villa,Crystal Palace,2022,1,0,,,868197,True,0,0.7629757992478359,1.09,0.89,,1.1166889785672798,0.5384327713484949,0.9092498910813334,1.0,1,1.879664777815116,1.4478514980437966,False,,,False
2023-03-04 17:30:00,Southampton,Leicester City,2022,1,0,,,868204,True,0,1.6818142549689803,,,,-0.4769286667661283,-0.2986684586759375,-0.7274534112587483,0.0,1,1.2048855882028522,0.7420686899084942,False,,,False
2023-03-05 14:00:00,Nottingham Forest,Everton,2022,2,2,,,868203,True,1,2.2594590936151406,1.026,1.2560000000000002,,-0.2454334615781577,0.3887535107115706,0.1938735223774454,0.0,1,2.014025632036983,1.1412573260932832,False,,,False
2023-03-05 16:30:00,Liverpool,Manchester United,2022,7,0,,,868201,True,0,0.68791469578647,1.12,1.81,,-0.3029543594229646,-0.3690244832792375,-0.8932409757733468,1.0,1,0.3849603363635053,1.8689340114613584,False,,,False
2023-03-06 20:00:00,Brentford,Fulham,2022,3,2,,,868198,True,0,0.5135694591935491,0.34,2.22,,0.1851793969729542,-0.0021298127523943,0.479587680717075,1.0,2,0.6987488561665034,1.731638149021435,False,,,False
2023-03-11 12:30:00,Bournemouth,Liverpool,2022,1,0,,,868206,True,0,0.2566351422915702,2.33,0.36,,2.032357819311734,-1.4051818451506806,-1.9665349204029523,1.0,2,2.288992961603305,0.6707722243713061,False,,,False
2023-03-11 15:00:00,Everton,Brentford,2022,1,0,,,868208,True,0,1.132525005132225,0.89,1.09,,1.0404454405215282,-1.166383808008167,-1.0273605524291538,0.0,1,2.1729704456537533,0.7977484016278378,False,,,False
2023-03-11 15:00:00,Leicester City,Chelsea,2022,1,3,,,868211,True,2,0.7673356458540803,1.62,0.6,,0.6871981900036472,-0.3184625103982502,0.1394123233288638,1.0,3,1.4545338358577276,0.8502500619696428,False,,,False
2023-03-11 15:00:00,Tottenham Hotspur,Nottingham Forest,2022,3,1,,,868214,True,0,2.009350236202364,,,,-1.0708259990192124,0.4648096134248694,0.0664389784270762,0.0,1,0.9385242371831516,1.580212479967916,False,,,False
2023-03-11 15:00:00,Leeds United,Brighton,2022,2,2,,,868210,True,1,0.6686272260401352,2.22,0.34,,0.3003436767423114,-0.9770038684171796,-1.7937889143784815,1.0,1,0.9689709027824468,0.764005325700773,False,,,False
2023-03-11 17:30:00,Crystal Palace,Manchester City,2022,0,1,,,868207,True,2,0.6626323521354628,2.424,1.092,,0.1793546430412591,-1.5702207957854055,-1.981952600449412,1.0,1,0.8419869951767219,0.7429669727661345,False,,,False
2023-03-12 14:00:00,Manchester United,Southampton,2022,0,0,,,868212,True,1,0.8032411528275443,0.6,1.62,,1.988785305000185,0.6730029194850657,0.8129763489065157,0.0,1,2.792026457827729,1.8283428735361515,False,,,False
2023-03-12 14:00:00,Fulham,Arsenal,2022,0,3,,,868209,True,2,1.1914676835730862,2.624,1.026,,0.1509338382315925,-0.9508390927687916,-1.3830394814650873,1.0,1,1.3424015218046788,1.4168191805300774,False,,,False
2023-03-12 14:00:00,West Ham,Aston Villa,2022,1,1,,,868215,True,1,1.2530850379856584,0.414,3.3119999999999994,,0.6865702602440626,-0.7530319863717563,-0.1169684339866434,0.0,1,1.939655298229721,0.9789106931325048,False,,,False
2023-03-12 16:30:00,Newcastle,Wolves,2022,2,1,,,868213,True,0,0.8977092573845793,1.29,1.07,,0.4709548386002058,-0.2975590052104824,-0.4830832591219513,0.0,2,1.3686640959847851,1.1170152935570297,False,,,False
2023-03-15 19:30:00,Southampton,Brentford,2022,0,2,,,868014,True,2,1.0883482539281255,0.89,1.09,,-0.5528612211317264,-0.4776928905409681,-0.8609139924506307,1.0,1,0.5354870327963993,1.1269423770970282,False,,,False
2023-03-15 19:30:00,Brighton,Crystal Palace,2022,1,0,,,868018,True,0,0.8946593874103624,1.09,0.89,,0.2177851274467096,0.998034506783695,2.0038298837355946,0.0,1,1.112444514857072,1.605180261420004,False,,,False
2023-03-17 20:00:00,Nottingham Forest,Newcastle,2022,1,2,,,868223,True,2,1.2457711971695424,,,,1.0938043453819437,-0.5501628022126789,0.0943637844365489,1.0,1,2.339575542551486,0.911496930488656,False,,,False
2023-03-18 15:00:00,Wolves,Leeds United,2022,2,4,,,868225,True,2,1.3126563423048194,1.048,1.33,,-0.0475103701480661,0.3490857625135356,-0.1435684244081967,1.0,1,1.2651459721567533,1.156233092247322,False,,,False
2023-03-18 15:00:00,Southampton,Tottenham Hotspur,2022,3,3,,,868224,True,1,0.9590165188056392,,,,0.0646500954809798,-0.9183748873128296,-1.448478964723653,1.0,1,1.023666614286619,0.9211308805700252,True,,,False
2023-03-18 15:00:00,Brentford,Leicester City,2022,1,1,,,868218,True,1,1.9697028250973352,,,,-1.244146900710776,1.1649043108190584,0.6642285160899014,0.0,1,0.7255559243865591,1.8597208160294736,True,,,False
2023-03-18 15:00:00,Aston Villa,Bournemouth,2022,3,0,,,868217,True,0,1.5259751629831635,1.07,1.29,,-0.3572540316528803,0.501560249888928,0.0621912961497033,1.0,1,1.1687211313302834,1.5981368039061143,False,,,False
2023-03-18 17:30:00,Chelsea,Everton,2022,2,2,,,868220,True,1,1.4486342147664308,1.026,1.2560000000000002,,-0.603741736586641,0.3035470892016652,0.4987936053730305,0.0,2,0.8448924781797899,1.50348881180259,False,,,False
2023-03-19 14:00:00,Arsenal,Crystal Palace,2022,4,1,,,868216,True,0,0.9297735429825906,1.09,0.89,,-0.1354687443762772,1.986877928860086,2.605919676791874,0.0,5,0.7943047986063134,2.4831417263429136,False,,,False
2023-04-01 11:30:00,Manchester City,Liverpool,2022,4,1,,,868232,True,0,0.5044299703293856,2.33,0.36,,-0.0626789566262089,0.7421685633402626,-0.2205100806636042,1.0,3,0.4417510137031766,2.438619073700949,False,,,False
2023-04-01 14:00:00,Bournemouth,Fulham,2022,2,1,,,868226,True,0,1.894944073141282,0.34,2.22,,0.1223813504101305,-0.2617572810739013,-0.0855713657307233,0.0,1,2.0173254235514126,0.896310714143397,False,,,False
2023-04-01 14:00:00,Arsenal,Leeds United,2022,4,1,,,868227,True,0,1.5417749275736798,1.048,1.33,,-0.6789042572866769,1.369834097871885,1.1427473677160496,0.0,6,0.8628706702870029,2.577458238934123,False,,,False
2023-04-01 14:00:00,Brighton,Brentford,2022,3,3,,,868228,True,1,0.8170388931111466,0.89,1.09,,-0.0754239021780536,0.1577638918656456,0.4870769671224946,1.0,1,0.741614990933093,1.8604754132422412,False,,,False
2023-04-01 14:00:00,Crystal Palace,Leicester City,2022,2,1,,,868230,True,0,1.6464628607357985,,,,0.3067315100356067,-0.3448462545488746,-0.4618342398142968,0.0,4,1.953194370771405,0.4057053734632785,False,,,False
2023-04-01 14:00:00,Nottingham Forest,Wolves,2022,1,1,,,868234,True,1,2.1767746784561326,1.29,1.07,,0.0496070242595521,-0.2002113415543889,-0.2628962888082042,1.0,2,2.2263817027156847,0.7450318554713483,False,,,False
2023-04-01 16:30:00,Chelsea,Aston Villa,2022,0,2,,,868229,True,2,0.779140563900405,0.414,3.3119999999999994,,0.4507945320003654,-0.4426190650931241,-0.1846460590226624,0.0,1,1.2299350959007704,1.4115375390954392,False,,,False
2023-04-02 13:00:00,West Ham,Southampton,2022,1,0,,,868235,True,0,1.682452139689962,0.6,1.62,,-0.0560235438327971,0.0472430627604008,-0.056250133165058,0.0,1,1.626428595857165,0.9827660130232296,False,,,False
2023-04-02 15:30:00,Newcastle,Manchester United,2022,2,0,,,868233,True,0,1.8613264000832488,1.12,1.81,,-0.6974810982634194,0.065968375179056,0.3168418355564858,0.0,2,1.1638453018198298,1.7428825281437297,False,,,False
2023-04-03 19:00:00,Everton,Tottenham Hotspur,2022,1,1,,,868231,True,1,1.6393523289062373,,,,-0.0069273624679113,-0.5228561324862089,-0.8647601511141274,1.0,1,1.632424966438326,1.1634562739618466,False,,,False
2023-04-04 18:45:00,Bournemouth,Brighton,2022,0,2,,,868006,True,2,1.4944298693362,2.22,0.34,,0.183783100564798,-0.4229797585667758,-1.0472669593759727,1.0,1,1.678212969900998,1.2801928093522,False,,,False
2023-04-04 18:45:00,Leicester City,Aston Villa,2022,1,2,,,868011,True,2,0.5194239950954367,0.414,3.3119999999999994,,1.2448859615419938,-1.4496599282947389,-0.9336522941444838,0.0,1,1.7643099566374305,0.6135906549916711,False,,,False
2023-04-04 18:45:00,Leeds United,Nottingham Forest,2022,2,1,,,868010,True,0,1.817583004981309,,,,0.5436098950886896,0.1956978374403684,0.6835214901699815,1.0,1,2.361192900069999,0.9872563858939956,False,,,False
2023-04-04 19:00:00,Chelsea,Liverpool,2022,0,0,2.17,0.35,868019,True,1,1.6696404890267718,2.33,0.36,-0.33,-0.183014079752996,-0.2326711667115282,-0.6691899271060571,0.0,1,1.4866264092737758,1.153959582304547,False,2.17,0.35,False
2023-04-05 19:00:00,Manchester United,Brentford,2022,1,0,1.2,0.71,868192,True,0,1.5447011337698682,0.89,1.09,0.1099999999999999,0.3628506132287903,-0.2038181488214141,-1.2545533132950593,1.0,1,1.9075517469986585,1.3706622820766416,False,1.2,0.71,False
2023-04-05 19:00:00,West Ham,Newcastle,2022,1,5,0.98,3.29,868015,True,2,0.7758900395003431,,,,0.3083861486759592,-0.6212977780748425,-0.4344573552612292,0.0,1,1.0842761881763023,1.3511698943062174,False,0.98,3.29,False
2023-04-08 11:30:00,Manchester United,Everton,2022,2,0,3.46,1.02,868242,True,0,1.4216149952011607,1.026,1.2560000000000002,-0.426,-0.1499212916706933,0.5343360611149988,-0.3899547328272664,0.0,1,1.2716937035304674,1.6679845060211638,True,3.46,1.02,False
2023-04-08 14:00:00,Fulham,West Ham,2022,0,1,0.68,1.09,868238,True,2,2.3895327746178205,0.98,3.29,0.02,-0.4595696482779943,-0.1578645842870477,-0.1541613631292546,1.0,3,1.9299631263398265,0.9467432661391384,False,0.68,1.09,False
2023-04-08 14:00:00,Wolves,Chelsea,2022,1,0,0.55,1.13,868245,True,0,0.9910803963698448,2.1256116015132407,0.3701765447667086,-1.95,0.7934329874143389,-0.1706549381240634,0.0295910827041328,1.0,1,1.7845133837841838,0.9552286285000496,False,0.55,1.13,False
2023-04-08 14:00:00,Leicester City,Bournemouth,2022,0,1,0.69,2.15,868240,True,2,1.7854761523488698,1.07,1.29,-0.07,0.0573977666538809,-0.545040818207927,0.1737781422580127,1.0,2,1.8428739190027508,0.5016964773572007,False,0.69,2.15,False
2023-04-08 14:00:00,Tottenham Hotspur,Brighton,2022,2,1,0.83,1.43,868244,True,0,0.9962778116101004,2.22,0.34,-2.22,0.4299554071727667,-0.3788531564718911,-0.3797209628594169,0.0,2,1.426233218782867,1.5611567156057922,False,0.83,1.43,False
2023-04-08 14:00:00,Brentford,Newcastle,2022,1,2,2.57,1.31,868237,True,2,0.8505942362432405,3.29,0.98,1.71,0.5125384325914674,-0.8726134693989982,-0.9315808418432108,1.0,1,1.363132668834708,1.287358729184238,True,2.57,1.31,False
2023-04-08 14:00:00,Aston Villa,Nottingham Forest,2022,2,0,1.3,0.25,868236,True,0,1.8783891456522444,,,,-1.198771895787378,1.5868656719934005,0.9080304058104284,0.0,3,0.6796172498648663,2.2340758798909675,False,1.3,0.25,False
2023-04-08 16:30:00,Southampton,Manchester City,2022,1,4,,,868243,True,2,0.6278361926522166,2.424,1.092,,0.8271301209341161,-1.7761387867985037,-1.811138128912567,1.0,1,1.4549663135863329,0.7649213116520619,False,,,False
2023-04-09 13:00:00,Leeds United,Crystal Palace,2022,1,5,,,868239,True,2,1.6354604283285372,1.09,0.89,,0.2719979556485183,0.4754995728283456,0.8319974042397823,1.0,1,1.907458383977056,1.3542996086961423,False,,,False
2023-04-09 15:30:00,Liverpool,Arsenal,2022,2,2,,,868241,True,1,0.9085808044320436,2.624,1.026,,0.20450632434212,-1.3384345977231853,-2.2175668075163038,1.0,1,1.1130871287741635,1.3160782092459236,False,,,False
2023-04-15 11:30:00,Aston Villa,Newcastle,2022,3,0,,,868246,True,0,0.9003965470811709,2.1020000000000003,1.934,,-0.4473195619336066,0.0605145718186737,-0.28581885260448,1.0,4,0.4530769851475642,2.373673947007292,False,,,False
2023-04-15 14:00:00,Southampton,Crystal Palace,2022,0,2,,,868252,True,2,1.4236391808844189,1.09,0.89,,0.879676119060403,-0.639905965015293,-1.4470109896270182,1.0,2,2.303315299944822,0.6255060173700244,False,,,False
2023-04-15 14:00:00,Wolves,Brentford,2022,2,0,,,868255,True,0,1.575422886336801,1.7942459581235088,1.2600291545189506,,-0.3857503992991615,0.2751871376989281,-0.5531610197346504,0.0,1,1.1896724870376394,1.3279106261835203,False,,,False
2023-04-15 14:00:00,Chelsea,Brighton,2022,1,2,,,868247,True,2,1.330855800332763,1.4937578814627994,0.7904539722572508,,-0.3368021872472587,-0.6653171198961136,-0.8563176093800975,1.0,1,0.9940536130855044,0.9206789444268312,False,,,False
2023-04-15 14:00:00,Everton,Fulham,2022,1,3,,,868248,True,2,1.619972992617866,0.6404363636363637,1.2214909090909092,,-0.00556199036759,0.1529330938794207,0.262991582711233,0.0,1,1.6144110022502758,0.927028588521698,False,,,False
2023-04-15 14:15:00,Tottenham Hotspur,Bournemouth,2022,2,3,,,868253,True,2,1.190314331073778,2.090285097192224,0.7231749460043196,,0.0938404071620193,0.420660841560913,0.5260812254958485,0.0,1,1.2841547382357974,1.82340167709903,False,,,False
2023-04-15 16:30:00,Manchester City,Leicester City,2022,3,1,,,868250,True,0,1.561914480771658,0.69,2.15,,-0.810022715227774,2.2144954240240566,2.292262814356297,0.0,5,0.751891765543884,2.6247522186772265,False,,,False
2023-04-16 13:00:00,West Ham,Arsenal,2022,2,2,,,868254,True,1,1.2723891002495384,2.624,1.026,,0.3206265186266601,-0.9027088096458212,-1.9151691384854312,1.0,1,1.5930156188761986,1.4502509011246552,False,,,False
2023-04-16 15:30:00,Nottingham Forest,Manchester United,2022,0,2,,,868251,True,2,0.8477924863259352,2.484143862392494,0.941735731039875,,1.0711338221807185,-1.381641333835546,-0.7734402783811785,1.0,2,1.9189263085066532,0.5292490526494555,False,,,False
2023-04-17 19:00:00,Leeds United,Liverpool,2022,1,6,,,868249,True,2,1.4087270652016628,0.4594773218142549,2.0699222462203024,,1.529583900110569,-0.1509746384684758,0.0386934621685528,0.0,1,2.938310965312232,1.1074636588850009,False,,,False
2023-04-21 19:00:00,Arsenal,Southampton,2022,3,3,,,868257,True,1,2.202209848446855,0.6,1.62,,-0.6872829383753416,1.594925963953841,2.072009264334388,0.0,2,1.5149269100715133,2.106477109708953,False,,,False
2023-04-22 11:30:00,Fulham,Leeds United,2022,2,1,,,868261,True,0,3.9588775251092314,1.048,1.33,,-2.5455632744423022,0.274085390282648,0.137605812547982,0.0,1,1.4133142506669285,1.1797909915920564,False,,,False
2023-04-22 14:00:00,Leicester City,Wolves,2022,2,1,,,868262,True,0,0.7931136126302776,0.590915766738661,1.126682505399568,,1.2481643745016608,-1.2970162736112063,-0.5040804911649531,0.0,4,2.0412779871319384,0.3355160902225177,False,,,False
2023-04-22 14:00:00,Liverpool,Nottingham Forest,2022,3,2,,,868263,True,0,1.9459509662952084,0.25,1.3,,-0.6734669666813036,1.143026705644852,2.51377539184956,1.0,1,1.2724839996139048,1.575857009038207,False,,,False
2023-04-22 14:00:00,Brentford,Aston Villa,2022,1,1,,,868258,True,1,0.30205079835443,1.221255381197056,0.5221399805582561,,1.4148982845851488,-1.6268402015800167,-1.1443802134421563,1.0,3,1.7169490829395788,0.8609380113749473,False,,,False
2023-04-22 14:00:00,Crystal Palace,Everton,2022,0,0,,,868260,True,1,2.076275607278728,1.020533259269546,3.264116094986807,,-1.1271844698978837,0.8232774959469992,1.2061885209360408,1.0,3,0.949091137380844,1.581419741484324,False,,,False
2023-04-23 13:00:00,Newcastle,Tottenham Hotspur,2022,6,1,,,868265,True,0,1.8561051473410304,0.83,1.43,,-0.2558371327240232,0.400346902510345,-0.3492708711158261,0.0,1,1.600268014617007,1.891560721705336,False,,,False
2023-04-23 13:00:00,Bournemouth,West Ham,2022,0,4,,,868256,True,2,1.7286777867418994,1.046,1.7240000000000002,,-0.268467294336624,0.3255422448253819,0.3545370396327221,1.0,2,1.4602104924052757,1.6937299834719608,False,,,False
2023-04-25 18:30:00,Wolves,Crystal Palace,2022,2,0,,,868271,True,0,0.6327266916447161,1.09,0.89,,0.5626833158927749,-0.1403100697512911,-0.2336534340079705,1.0,1,1.195410007537491,1.3352247933775134,False,,,False
2023-04-25 18:45:00,Aston Villa,Fulham,2022,1,0,,,868272,True,0,1.275542354782264,0.6404363636363637,1.2214909090909092,,-0.740841283304516,0.7054352424424666,0.1405637798742689,1.0,1,0.5347010714777479,2.216832450610264,False,,,False
2023-04-25 19:00:00,Leeds United,Leicester City,2022,1,1,,,868267,True,1,1.6941845202544386,0.69,2.15,,1.6117323163730246,-0.0799932314572569,0.0014063942792343,1.0,3,3.305916836627463,0.74076361434534,False,,,False
2023-04-26 18:30:00,Nottingham Forest,Brighton,2022,3,1,,,868268,True,0,1.2205696708262033,1.4937578814627994,0.7904539722572508,,1.0767317877378084,-1.4898476344045517,-0.9145678331020362,0.0,4,2.297301458564012,0.3540056939874432,False,,,False
2023-04-26 18:45:00,West Ham,Liverpool,2022,1,2,,,868270,True,2,1.514990176204444,0.4594773218142549,2.0699222462203024,,-0.3625403217654694,-0.1698360211683176,-0.7496881032559983,1.0,1,1.1524498544389743,1.665471780012029,False,,,False
2023-04-26 18:45:00,Chelsea,Brentford,2022,0,2,,,868273,True,2,1.4779655013721222,1.7942459581235088,1.2600291545189506,,-0.1485952601763942,-0.1333138135715672,-0.0409560425486161,0.0,2,1.329370241195728,0.7529493814853954,False,,,False
2023-04-26 19:00:00,Manchester City,Arsenal,2022,4,1,,,868275,True,0,2.0099524207610493,2.624,1.026,,-1.1753574790935355,0.7881734903967537,0.2818156881458602,0.0,6,0.8345949416675138,2.6931452403709306,False,,,False
2023-04-27 18:45:00,Southampton,Bournemouth,2022,0,1,,,868274,True,2,2.306808957199723,2.090285097192224,0.7231749460043196,,0.1613315581442718,-0.7847727568848527,0.2334901091087013,0.0,1,2.4681405153439946,0.6005046914028348,False,,,False
2023-04-27 18:45:00,Everton,Newcastle,2022,1,4,,,868266,True,2,1.4001779807523078,2.1020000000000003,1.934,,-0.015995846714599,-1.291308504606255,-2.261827252013921,1.0,1,1.3841821340377087,0.8021880133078537,False,,,False
2023-04-27 19:15:00,Tottenham Hotspur,Manchester United,2022,2,2,,,868269,True,1,0.5651935171034711,2.484143862392494,0.941735731039875,,2.672213116065457,-0.8897501689514009,-0.1683882902787667,1.0,2,3.237406633168928,1.2196423836526902,False,,,False
2023-04-29 11:30:00,Crystal Palace,West Ham,2022,4,3,,,868280,True,0,1.4349672244504,1.046,1.7240000000000002,,-0.3464820591098454,-0.1552671170912958,-0.8506213205993657,0.0,1,1.0884851653405545,1.2068983520945489,False,,,False
2023-04-29 14:00:00,Brighton,Wolves,2022,6,0,,,868279,True,0,0.7969393893028758,0.590915766738661,1.126682505399568,,1.0167768178968255,-0.1305236360690194,0.1097708612864916,0.0,1,1.8137162071997013,1.507790846572148,True,,,False
2023-04-29 14:00:00,Brentford,Nottingham Forest,2022,2,1,,,868278,True,0,1.864866970839132,0.25,1.3,,-0.8795573978495668,0.4353544717802372,-0.2991260376316904,0.0,1,0.9853095729895648,1.271091025773576,True,,,False
2023-04-30 13:00:00,Manchester United,Aston Villa,2022,1,0,,,868284,True,0,0.356467105575662,1.221255381197056,0.5221399805582561,,0.6869969019773636,-0.4521331824823102,0.2410651248525335,1.0,1,1.0434640075530257,1.9072830885991217,True,,,False
2023-04-30 13:00:00,Newcastle,Southampton,2022,3,1,,,868285,True,0,1.9787595873647208,0.6,1.62,,-0.7119745760440777,1.767407261093067,2.363508068472316,0.0,2,1.2667850113206431,2.258583810417243,True,,,False
2023-04-30 13:00:00,Bournemouth,Leeds United,2022,4,1,,,868276,True,0,2.5372767033719814,1.048,1.33,,-0.9994052534113332,0.8912942276178994,-0.0573874175734658,1.0,1,1.5378714499606485,1.6792545296970214,True,,,False
2023-04-30 13:00:00,Fulham,Manchester City,2022,1,2,,,868281,True,2,0.8897301528019202,2.424,1.092,,0.2939645374999001,-1.512898043557507,-2.2569964607796944,1.0,1,1.1836946903018204,1.2361500878599057,False,,,False
2023-04-30 15:30:00,Liverpool,Tottenham Hotspur,2022,4,3,,,868283,True,0,2.824937118092551,0.83,1.43,,-1.4816107318420246,0.8677607671025267,1.0011611174865471,0.0,3,1.3433263862505265,2.0474149640345107,False,,,False
2023-05-01 19:00:00,Leicester City,Everton,2022,2,2,,,868282,True,1,2.2561227700261157,1.020533259269546,3.264116094986807,,-0.7933334474114377,0.197248612449135,0.3785011404512231,0.0,1,1.4627893226146775,0.8533899314541706,False,,,False
2023-05-02 19:00:00,Arsenal,Chelsea,2022,3,1,,,868277,True,0,1.5529140122647136,1.5485104691227138,0.4744102835939571,,1.1203886265935972,0.9423252806272068,1.511324489269854,0.0,1,2.6733026388583108,1.558151774845462,False,,,False
2023-05-03 19:00:00,Liverpool,Fulham,2022,1,0,,,868221,True,0,1.4557968806571502,0.6404363636363637,1.2214909090909092,,0.4397548968159133,1.2097469330443504,2.0380078379972475,0.0,4,1.8955517774730637,2.220843004889193,False,,,False
2023-05-03 19:00:00,Manchester City,West Ham,2022,3,0,,,868222,True,0,2.289979470809936,1.046,1.7240000000000002,,-1.363492617079905,1.6805810291571095,0.6887392867547892,0.0,8,0.926486853730031,2.794750067870621,False,,,False
2023-05-04 19:00:00,Brighton,Manchester United,2022,1,0,,,868219,True,0,0.6956418655128921,2.484143862392494,0.941735731039875,,0.5135001706790644,-0.3266405663978304,1.5505556524470256,0.0,1,1.2091420361919565,1.77964195236395,False,,,False
2023-05-06 14:00:00,Bournemouth,Chelsea,2022,1,3,,,868286,True,2,2.035276753529822,1.5485104691227138,0.4744102835939571,,-0.6766959715842795,1.4159429235475218,1.2898496960897643,1.0,2,1.358580781945543,1.919651781684678,False,,,False
2023-05-06 14:00:00,Wolves,Aston Villa,2022,1,0,,,868295,True,0,0.5709782913608065,1.221255381197056,0.5221399805582561,,1.9603164214737752,-0.5898494826461305,-0.0285871873864493,0.0,1,2.531294712834581,1.3401144824335816,False,,,False
2023-05-06 14:00:00,Tottenham Hotspur,Crystal Palace,2022,1,0,,,868293,True,0,1.7256574332717654,1.09,0.89,,1.4909677156176506,-0.5683342834256777,0.1217232880162242,0.0,1,3.216625148889416,0.9649378616390828,False,,,False
2023-05-06 14:00:00,Manchester City,Leeds United,2022,2,1,,,868290,True,0,3.0248516378528523,1.048,1.33,,-2.40719421257352,2.187579304117476,1.8348831034152733,0.0,9,0.6176574252793322,2.832117958684355,True,,,False
2023-05-06 16:30:00,Liverpool,Brentford,2022,1,0,,,868289,True,0,0.990206387037458,1.7942459581235088,1.2600291545189506,,0.2734941470479338,0.7768816032688182,0.8336820330116848,1.0,5,1.263700534085392,2.36266230671775,True,,,False
2023-05-07 15:30:00,Newcastle,Arsenal,2022,0,2,,,868291,True,2,2.11553451799171,2.624,1.026,,-0.937677981191414,0.5729746537722207,0.7395215650119908,0.0,3,1.1778565368002962,2.393566360386608,False,,,False
2023-05-07 18:00:00,West Ham,Manchester United,2022,1,0,,,868294,True,0,0.797094733774921,2.484143862392494,0.941735731039875,,1.7295584905726653,-0.8114397465731499,0.4692348334216814,1.0,3,2.5266532243475863,0.9113720720163524,False,,,False
2023-05-08 14:00:00,Fulham,Leicester City,2022,5,3,,,868288,True,0,1.641859732877777,0.69,2.15,,-0.3379953022850437,-0.0530152900567174,-0.7231570190441469,0.0,3,1.3038644305927336,0.8270600689719685,False,,,False
2023-05-08 16:30:00,Brighton,Everton,2022,1,5,,,868287,True,2,2.1707484254030254,1.020533259269546,3.264116094986807,,-1.36465466880176,1.2831574486957076,1.1931495721916483,0.0,2,0.8060937566012654,2.001886665098057,False,,,False
2023-05-08 19:00:00,Nottingham Forest,Southampton,2022,4,3,,,868292,True,0,2.319173408917801,0.6,1.62,,-0.4092620486229186,0.2818444549059525,0.4906654708513109,0.0,1,1.9099113602948825,0.6836188481347346,False,,,False
2023-05-13 11:30:00,Leeds United,Newcastle,2022,2,2,,,868302,True,1,1.4519046401753892,2.1020000000000003,1.934,,1.2313295504501391,-1.4306528481001952,-1.057086313027778,0.0,2,2.6832341906255284,0.527245332137334,False,,,False
2023-05-13 14:00:00,Manchester United,Wolves,2022,2,0,3.2,0.33,868304,True,0,1.6875292290907489,0.590915766738661,1.126682505399568,-0.2460000000000001,-0.8227993369003016,-0.2329489846627692,-0.3219898760288553,0.0,2,0.864729892190447,1.4092319228464067,False,3.2,0.33,False
2023-05-13 14:00:00,Southampton,Fulham,2022,0,2,0.35,1.4,868305,True,2,1.869243342008952,0.6404363636363637,1.2214909090909092,-0.144,1.0102059820455034,-0.8938328998068245,-0.5108398819969688,1.0,3,2.879449324054455,0.328659378147823,False,0.35,1.4,False
2023-05-13 14:00:00,Chelsea,Nottingham Forest,2022,2,2,1.17,1.3,868299,True,1,2.273274489740392,0.25,1.3,-0.25,-0.5830903428816447,-0.1470799034339835,-0.7747097787754109,0.0,1,1.6901841468587468,0.9580746266809576,False,1.17,1.3,False
2023-05-13 14:00:00,Crystal Palace,Bournemouth,2022,2,0,1.55,0.31,868300,True,0,1.9057208970517885,2.090285097192224,0.7231749460043196,-0.718,-0.4219494409885851,-0.3160661635998634,-0.3863568123442125,0.0,1,1.4837714560632032,1.2542468564974312,False,1.55,0.31,False
2023-05-13 14:00:00,Aston Villa,Tottenham Hotspur,2022,2,1,1.18,1.37,868297,True,0,2.144416029574347,0.83,1.43,1.17,-1.4304304037885465,0.243469557689395,-1.057247808443193,0.0,2,0.7139856257858007,1.578748589509077,False,1.18,1.37,False
2023-05-14 13:00:00,Everton,Manchester City,2022,0,3,1.78,0.76,868301,True,2,0.7451050814754345,2.424,1.092,0.5760000000000001,1.0353936007847546,-1.7287997289480956,-0.1696711065012643,0.0,1,1.7804986822601891,1.133875503865014,False,1.78,0.76,False
2023-05-14 13:00:00,Brentford,West Ham,2022,2,0,3.7,0.23,868298,True,0,1.6844349044952842,1.046,1.7240000000000002,-0.046,-0.6909639775616851,0.0057387335284102,-0.271899143003286,0.0,1,0.9934709269335992,1.297199892919923,False,3.7,0.23,False
2023-05-14 15:30:00,Arsenal,Brighton,2022,0,3,0.92,1.72,868296,True,2,2.204064664564151,1.4937578814627994,0.7904539722572508,-1.146,-0.7937088035258879,0.397798434798905,0.3817241333033629,0.0,2,1.4103558610382632,2.03522075368856,False,0.92,1.72,False
2023-05-15 19:00:00,Leicester City,Liverpool,2022,0,3,0.41,2.15,868303,True,2,0.8424667334364428,0.4594773218142549,2.0699222462203024,-0.3419999999999998,1.9187738572297397,-1.7587261941755434,0.0207687797272018,1.0,1,2.761240590666182,0.7199190020477123,False,0.41,2.15,False
2023-05-18 18:30:00,Newcastle,Brighton,2022,4,1,3.56,0.51,868193,True,0,1.4693756862086234,1.700277605536308,0.9087069751783344,0.003157894736842,0.1652275327119841,-0.1018541118849618,0.0613804307525005,0.0,1,1.6346032189206074,1.7835796047522836,False,3.56,0.51,False
2023-05-20 11:30:00,Tottenham Hotspur,Brentford,2022,1,3,,,868313,True,2,0.6623137996717584,3.449325910572804,0.3654852802191967,,1.433963531337937,-0.514701739432289,-0.1388639859849267,0.0,1,2.096277331009696,1.0923239663716635,False,,,False
2023-05-20 14:00:00,Bournemouth,Manchester United,2022,0,1,,,868306,True,2,0.5764863968390996,3.104455557421608,0.4116476193426676,,1.3606608822503783,-0.4141270005844888,-0.1534429278205482,1.0,2,1.937147279089478,1.2845933364355997,False,,,False
2023-05-20 14:00:00,Fulham,Crystal Palace,2022,2,2,,,868308,True,1,0.9891807442649,1.5476484962699255,0.3129649394857458,,0.2569811984688618,-0.0259768081110691,0.5154869188321147,0.0,2,1.2461619427337618,1.545911199882424,False,,,False
2023-05-20 14:00:00,Wolves,Everton,2022,1,1,,,868315,True,1,2.1869993076194425,1.7132528553064144,0.980078892672593,,-0.3953131072049458,0.4158188374156392,-1.2637349010677128,0.0,1,1.7916862004144969,1.3433848054557616,False,,,False
2023-05-20 14:00:00,Liverpool,Aston Villa,2022,1,1,,,868309,True,1,0.8093237941735888,1.183625805779856,1.2954842478774593,,-0.2476794337879541,0.7361597144462433,1.1644430323147374,0.0,7,0.5616443603856347,2.5735061110244124,False,,,False
2023-05-20 16:30:00,Nottingham Forest,Arsenal,2022,1,0,,,868312,True,0,1.940237483293703,0.9344686706624412,1.7141072432865407,,0.2419454681611177,-0.5788891628297621,0.3372666166622844,1.0,1,2.1821829514548208,1.086021581017841,False,,,False
2023-05-21 12:30:00,West Ham,Leeds United,2022,3,1,,,868314,True,0,2.455489356146098,1.048,1.33,,-0.6658660383230077,0.4432153759920557,-0.4536791487477852,0.0,1,1.7896233178230905,1.0564787901439816,False,,,False
2023-05-21 13:00:00,Brighton,Southampton,2022,3,1,,,868307,True,0,2.5862994151535914,0.351277991157649,1.401124632218731,,-0.273381711702338,1.273462421048246,0.426137352994014,0.0,1,2.3129177034512534,1.5423219679808715,True,,,False
2023-05-21 15:00:00,Manchester City,Chelsea,2022,1,0,,,868310,True,0,1.7934561688290789,1.2400727563222864,1.1471605101069189,,-1.2967196184153975,1.92196141418492,0.7904390698463286,0.0,11,0.4967365504136811,2.88766563188551,False,,,False
2023-05-22 19:00:00,Newcastle,Leicester City,2022,0,0,,,868311,True,1,2.8408270968820863,0.4325977301387137,2.15,,-1.4177583811175147,1.4159790723194052,1.247540057157577,0.0,1,1.4230687157645716,2.004908248202159,False,,,False
2023-05-24 19:00:00,Brighton,Manchester City,2022,1,1,,,868259,True,1,0.3311576244669676,0.7811039489027456,1.771274328819057,,1.5441206441312616,-1.1005573307675147,0.1874729125007439,1.0,1,1.8752782685982288,1.807547627361383,False,,,False
2023-05-25 19:00:00,Manchester United,Chelsea,2022,4,1,,,868264,True,0,1.5289706581270772,1.2400727563222864,1.1471605101069189,,-1.144646481547419,1.1454956116019113,0.2290651414447926,0.0,2,0.3843241765796582,1.935489190684042,False,,,False
2023-05-28 15:30:00,Manchester United,Fulham,2022,2,1,,,868324,True,0,1.4974413718531898,1.3528155569399318,0.4041374168124085,,-0.9078918581597032,0.6825566870981312,0.1747734662876445,0.0,3,0.5895495136934867,2.129152086077641,True,,,False
2023-05-28 15:30:00,Southampton,Liverpool,2022,4,4,,,868325,True,1,0.7077629515231436,2.082947280492441,0.4758389870874816,,2.016436700670172,-2.067296573038448,-0.6424483213227914,1.0,5,2.7241996521933154,0.2199468277215901,False,,,False
2023-05-28 15:30:00,Arsenal,Wolves,2022,5,0,,,868316,True,0,1.5277907197282186,0.3521851690949066,3.023709775073846,,0.0990341734721629,0.0811051391599722,0.3250773684939209,0.0,2,1.6268248932003817,1.3620190940834944,False,,,False
2023-05-28 15:30:00,Everton,Bournemouth,2022,1,0,,,868321,True,0,1.624764757378636,0.4613742400930167,1.479696645533988,,0.1665679935994131,-0.1101479126004724,0.8607803475333846,1.0,1,1.7913327509780492,0.9407436494987036,False,,,False
2023-05-28 15:30:00,Leicester City,West Ham,2022,2,1,,,868323,True,0,1.5264154648771635,0.302523260658242,3.5243799472295514,,0.3674689773447845,-0.7463431935767015,-0.6924488371360916,0.0,1,1.8938844422219483,0.6637139176755917,False,,,False
2023-05-28 15:30:00,Chelsea,Newcastle,2022,1,1,,,868319,True,1,0.9487123323898498,3.4304179975003475,0.6365601999722262,,1.4039350244368394,-1.17581596131913,-0.7511576162819047,1.0,2,2.352647356826689,0.6462726863222833,True,,,False
2023-05-28 15:30:00,Crystal Palace,Nottingham Forest,2022,1,1,,,868320,True,1,1.4547884122825223,1.2152585119798234,1.1804918032786884,,-0.1286678132626708,0.0336210522958027,-0.0634817097425106,1.0,1,1.3261205990198517,1.467846333170044,False,,,False
2023-05-28 15:30:00,Brentford,Manchester City,2022,1,0,,,868318,True,0,0.5541051510276562,0.7811039489027456,1.771274328819057,,0.220770749777212,-0.7005249316602362,0.557985422102014,0.0,2,0.7748759008048682,1.860444865724189,False,,,False
2023-05-28 15:30:00,Leeds United,Tottenham Hotspur,2022,1,4,,,868322,True,2,2.39751831262011,1.3264186633039092,1.2001765447667083,,0.2394746468771482,-0.3919066663222825,-0.1245719262731166,1.0,1,2.6369929594972583,0.501694449906327,False,,,False
2023-05-28 15:30:00,Aston Villa,Brighton,2022,2,1,,,868317,True,0,1.5835187566791766,1.012388102550867,2.440951749532118,,-0.7106362078302486,0.0243775786800763,-0.732571507801899,0.0,1,0.872882548848928,1.6850107639198884,False,,,False
